DATE_KEY,STORE,PRICE_PAID,QTY,DESCRIPTION,DEPARTMENT,CATEGORY
20170214,be93b25bc1988049b8478b15a22d0a847d013a46,11.69,1,ENRGZ MAX AAA,GENERAL MERCHANDISE,BATTERIES/FLASHLIGHTS
20170214,3edc2f366d96ef2c1e30ea0490a9501c0537b06,5.59,1,ENRGZ BATTERY AAA,GENERAL MERCHANDISE,BATTERIES/FLASHLIGHTS
20170214,374a38479500261a009bb5de33681a4a12996a26,11.69,1,ENRGZ MAX AA,GENERAL MERCHANDISE,BATTERIES/FLASHLIGHTS
20170214,74c434508907da13f06f48b3c2df482e36b90970,-12.49,-1,ENRGZ PHO LITH 3V 123A,GENERAL MERCHANDISE,BATTERIES/FLASHLIGHTS
20170214,25dc245da7c04233ddbe60d4ba739f4d00ea7024,11.69,1,ENRGZ MAX AAA,GENERAL MERCHANDISE,BATTERIES/FLASHLIGHTS
20170214,5f805232d054dad4ccedd1342ab6b616fd0bfd5,6.49,1,ENER ECO ADVNC AA 4CT BATTERY,GENERAL MERCHANDISE,BATTERIES/FLASHLIGHTS
20170214,fcacbaf995613add57bf12718096ad8282a7390c,5.59,1,ENRGZ BATTERY AAA,GENERAL MERCHANDISE,BATTERIES/FLASHLIGHTS
20170214,1f34795828ed059043f0938b972d7f38ddbb462d,11.69,1,ENRGZ MAX AA,GENERAL MERCHANDISE,BATTERIES/FLASHLIGHTS
20170214,9dd899f20d53fbd26f6bb797cf282433b0d27df0,9.99,1,ENRGZ H/AID AZ10DP-8,GENERAL MERCHANDISE,BATTERIES/FLASHLIGHTS
20170214,5ca524b40c689b0dfa64691b900b6d2e0edc95e,14.99,1,ENERGIZER ULT LITH 9V,GENERAL MERCHANDISE,BATTERIES/FLASHLIGHTS
20170214,72e90d625ab0c00a89b0d52b52deb1c70351fada,5.59,1,ENRGZ BATTERY AA,GENERAL MERCHANDISE,BATTERIES/FLASHLIGHTS
20170214,e3f570224587c58237a0d18621809c3cf3446823,11.69,1,ENRGZ MAX AA,GENERAL MERCHANDISE,BATTERIES/FLASHLIGHTS
20170214,84661c11308c58a12ea5e74d81559f3426071155,9.99,1,ENRGZ H/AID AZ13DP-8,GENERAL MERCHANDISE,BATTERIES/FLASHLIGHTS
20170214,3fafcc990d47ccef32918985767053726a4381c8,5.59,1,ENRGZ BATTERY AA,GENERAL MERCHANDISE,BATTERIES/FLASHLIGHTS
20170214,38e48b1bbd0661b31cc94d5e0b24473cddcf0e2,9.99,1,ENRGZ H/AID AZ312DP-8,GENERAL MERCHANDISE,BATTERIES/FLASHLIGHTS
20170214,38e48b1bbd0661b31cc94d5e0b24473cddcf0e2,5.59,1,ENRGZ BATTERY AAA,GENERAL MERCHANDISE,BATTERIES/FLASHLIGHTS
20170214,ba12da4f2b795da5b986e6d7b7d4029c8e6a0ba1,8.49,1,ENRGZ MAX AA E91MP-8,GENERAL MERCHANDISE,BATTERIES/FLASHLIGHTS
20170214,ca4353be943e63d2d5e039232cae18d8d414879c,5.59,1,ENRGZ BATTERY AA,GENERAL MERCHANDISE,BATTERIES/FLASHLIGHTS
20170214,4a78da4cb9a464782b42d51e4c0940eaa04121c2,8.49,1,ENRGZ MAX AAA E92MP-8,GENERAL MERCHANDISE,BATTERIES/FLASHLIGHTS
20170214,4e929361244f06d3106a2962a1a39b0c45df6ef5,11.69,1,ENRGZ MAX AA,GENERAL MERCHANDISE,BATTERIES/FLASHLIGHTS
20170214,a54fdfb8a3b812c7da2b029b4f23863bf0a9de6f,8.49,1,ENRGZ MAX AA E91MP-8,GENERAL MERCHANDISE,BATTERIES/FLASHLIGHTS
20170214,a853fb97c82d1bf0e87412dc905b835eff1e1c3d,8.49,1,ENRGZ MAX AA E91MP-8,GENERAL MERCHANDISE,BATTERIES/FLASHLIGHTS
20170214,ff869707c585427f5a1150e6acdbb2edfff045d3,8.49,1,ENRGZ MAX AA E91MP-8,GENERAL MERCHANDISE,BATTERIES/FLASHLIGHTS
20170214,85e200307626f18773d40795f4e2c266003a16b4,8.49,1,ENRGZ MAX AA E91MP-8,GENERAL MERCHANDISE,BATTERIES/FLASHLIGHTS
20170214,40f162bc8a6aaaff878c50d27cfb5189a3abbf77,5.59,1,ENRGZ BATTERY AA,GENERAL MERCHANDISE,BATTERIES/FLASHLIGHTS
20170214,e0be7db008c39b16449cc826464fb6772dc636e5,9.99,1,ENRGZ H/AID AZ312DP-8,GENERAL MERCHANDISE,BATTERIES/FLASHLIGHTS
20170214,cadaac3da38af9aad990bdf122b36ab505f86869,5.59,1,ENRGZ BATTERY AA,GENERAL MERCHANDISE,BATTERIES/FLASHLIGHTS
20170214,6fc160b221c8c31f53a90a160d452dc169caf8ff,6.49,1,ENER ECO ADVNC AA 4CT BATTERY,GENERAL MERCHANDISE,BATTERIES/FLASHLIGHTS
20170214,5243d4cfbd6bae154d782531c1a37fa2439d7e2a,9.99,1,ENRGZ H/AID AZ312DP-8,GENERAL MERCHANDISE,BATTERIES/FLASHLIGHTS
20170214,6213dc1e91e82981e8802bb563eff83ad8b94e52,8.49,1,ENRGZ MAX AAA E92MP-8,GENERAL MERCHANDISE,BATTERIES/FLASHLIGHTS
20170214,2c6b65ea584d7e215b53f2c0dc8652953e33ddc2,12.49,1,ENRGZ PHO LITH 3V 123A,GENERAL MERCHANDISE,BATTERIES/FLASHLIGHTS
20170214,3df4bc23f8dee4d6e0230870b9a1b49921ec0397,8.49,1,ENRGZ MAX AA E91MP-8,GENERAL MERCHANDISE,BATTERIES/FLASHLIGHTS
20170214,c425ae322e9ea01d428fb699d745b144c753ecd2,5.59,1,ENRGZ BATTERY AA,GENERAL MERCHANDISE,BATTERIES/FLASHLIGHTS
20170214,d4e65dd0ff49e6f3715f63bcae5f9719e7b3c79a,5.59,1,ENRGZ BATTERY AA,GENERAL MERCHANDISE,BATTERIES/FLASHLIGHTS
20170214,373c3a5d18c31e5991afa161a4512e3af3c4b13e,5.59,1,ENRGZ BATTERY AA,GENERAL MERCHANDISE,BATTERIES/FLASHLIGHTS
20170214,1f34795828ed059043f0938b972d7f38ddbb462d,5.59,1,ENRGZ BATTERY AA,GENERAL MERCHANDISE,BATTERIES/FLASHLIGHTS
20170214,456b867dc34ee390d63684638b490897821f0eed,5.59,1,ENRGZ BATTERY AAA,GENERAL MERCHANDISE,BATTERIES/FLASHLIGHTS
20170214,9565aaed189cc320c79fde6803424eb8996b7257,9.99,2,ENRGZ H/AID AZ312DP-8,GENERAL MERCHANDISE,BATTERIES/FLASHLIGHTS
20170214,df157e62145570a13e2c5ef6787d9222772456ab,5.59,1,ENRGZ BATTERY AAA,GENERAL MERCHANDISE,BATTERIES/FLASHLIGHTS
20170214,a14dcd82c66fbc9073121df6048714127916ba66,5.59,1,ENRGZ BATTERY AAA,GENERAL MERCHANDISE,BATTERIES/FLASHLIGHTS
20170214,d4c64a1e4107ed5431830e41e1dceb3c8fdf4c9c,11.69,1,ENRGZ MAX AAA,GENERAL MERCHANDISE,BATTERIES/FLASHLIGHTS
20170214,85bb3c614b9b19cf5793e84ebb826ac30800eab2,8.49,1,ENRGZ MAX AAA E92MP-8,GENERAL MERCHANDISE,BATTERIES/FLASHLIGHTS
20170214,d8d7dbbeadff66984a621a3be30765bd8f47edd3,5.59,1,ENRGZ BATTERY AA,GENERAL MERCHANDISE,BATTERIES/FLASHLIGHTS
20170214,6728213e0a2b32f164f212f5467d212b73917aa9,8.49,1,ENRGZ MAX AA E91MP-8,GENERAL MERCHANDISE,BATTERIES/FLASHLIGHTS
20170214,4740a5089356cfff085f51428f60b3e0a89c1b2c,-1.64,-1,ENER ALK E90 2PK,GENERAL MERCHANDISE,BATTERIES/FLASHLIGHTS
20170214,456b867dc34ee390d63684638b490897821f0eed,8.49,1,ENER ECO ADVNC AA 4CT BATTERY,GENERAL MERCHANDISE,BATTERIES/FLASHLIGHTS
20170214,e468aba3faea8c8f94669d54d9c20db90fec14e0,8.49,1,ENRGZ MAX AA E91MP-8,GENERAL MERCHANDISE,BATTERIES/FLASHLIGHTS
20170214,b2f0110036853825f25c50d3950d1a2976f5cbed,8.49,1,ENERGIZER ULT LITH 9V,GENERAL MERCHANDISE,BATTERIES/FLASHLIGHTS
20170214,90562e51fd084dd1cf468095f1a7e3821ee5e3ab,9.99,1,ENRGZ H/AID AZ312DP-8,GENERAL MERCHANDISE,BATTERIES/FLASHLIGHTS
20170214,f715b356212e7edbaf76da98bf522b55dbb21a4c,9.99,1,ENRGZ H/AID AZ13DP-8,GENERAL MERCHANDISE,BATTERIES/FLASHLIGHTS
20170214,82ac83256169222e0c8d5351f2bcaa61ceae955d,8.49,1,ENRGZ MAX AA E91MP-8,GENERAL MERCHANDISE,BATTERIES/FLASHLIGHTS
20170214,5a88d4ba2b08ba56f03ce50fc15dfb995ba86ef4,8.49,1,ENRGZ MAX AAA E92MP-8,GENERAL MERCHANDISE,BATTERIES/FLASHLIGHTS
20170214,e3f570224587c58237a0d18621809c3cf3446823,5.59,1,ENRGZ BATTERY AA,GENERAL MERCHANDISE,BATTERIES/FLASHLIGHTS
20170214,64a1e2dead4eb8a96babc795b10057cde763b77a,5.59,1,ENRGZ BATTERY AA,GENERAL MERCHANDISE,BATTERIES/FLASHLIGHTS
20170214,2fecdd08bb48901ea5a776e9cd0fa61746cb7f97,5.59,1,ENRGZ BATTERY AA,GENERAL MERCHANDISE,BATTERIES/FLASHLIGHTS
20170214,2fecdd08bb48901ea5a776e9cd0fa61746cb7f97,9.99,1,ENRGZ H/AID AZ312DP-8,GENERAL MERCHANDISE,BATTERIES/FLASHLIGHTS
20170214,35079a55716a560a8c8642334efe7fbda33e988c,11.69,1,ENRGZ MAX AA,GENERAL MERCHANDISE,BATTERIES/FLASHLIGHTS
20170214,9c0e818090dc4d064c30198a5f427005b21f4cae,5.59,1,ENRGZ BATTERY AA,GENERAL MERCHANDISE,BATTERIES/FLASHLIGHTS
20170214,db5e122f9513b4fbc38492cdc289ecd021c0752c,11.69,1,ENRGZ MAX AA,GENERAL MERCHANDISE,BATTERIES/FLASHLIGHTS
20170214,1cca1a033df69da30c7f832909cf8cc3e8e57a58,11.69,1,ENRGZ MAX AAA,GENERAL MERCHANDISE,BATTERIES/FLASHLIGHTS
20170214,ed5f1c8383e9eb947b10fbe538a18745a5495e28,11.69,1,ENRGZ MAX AA,GENERAL MERCHANDISE,BATTERIES/FLASHLIGHTS
20170214,527fc9214bde289920898194820176358126b7ef,3.25,1,REFRESH HAWAAIAN AUTO WIPES,GENERAL MERCHANDISE,AUTOMOTIVE
20170214,c720ebb1777f7eeaff0339f6c78c718f263806db,11.69,1,ENRGZ MAX AA,GENERAL MERCHANDISE,BATTERIES/FLASHLIGHTS
20170214,4ff5b3a9a3da04c79e007b41b18ebccbe6c14dc9,5.59,1,ENRGZ BATTERY AA,GENERAL MERCHANDISE,BATTERIES/FLASHLIGHTS
20170214,c425ae322e9ea01d428fb699d745b144c753ecd2,11.69,1,ENRGZ MAX AA,GENERAL MERCHANDISE,BATTERIES/FLASHLIGHTS
20170214,ffad7e6e367e59e62bb359da11339f8ccda2e58c,5.59,1,ENRGZ BATTERY AA,GENERAL MERCHANDISE,BATTERIES/FLASHLIGHTS
20170214,4dcc9dd498514ba6ddcdf86f95a9d7065d87700a,11.69,1,ENRGZ MAX AA,GENERAL MERCHANDISE,BATTERIES/FLASHLIGHTS
20170214,3c26e4c262fbf833721db28211db7347eea4b2e1,8.49,1,ENRGZ MAX AA E91MP-8,GENERAL MERCHANDISE,BATTERIES/FLASHLIGHTS
20170214,eb3a10b7a03a31121842f4cf8d160c22c994d404,9.99,1,ENRGZ H/AID AZ312DP-8,GENERAL MERCHANDISE,BATTERIES/FLASHLIGHTS
20170214,1a2459d9b16ea85eeb59908fe1f0b728a93f43ce,8.49,1,ENRGZ MAX AAA E92MP-8,GENERAL MERCHANDISE,BATTERIES/FLASHLIGHTS
20170214,b096d1e274587a102e260ddf33bbca1dcf610320,5.59,1,ENRGZ BATTERY AAA,GENERAL MERCHANDISE,BATTERIES/FLASHLIGHTS
20170214,b096d1e274587a102e260ddf33bbca1dcf610320,5.59,1,ENRGZ BATTERY AA,GENERAL MERCHANDISE,BATTERIES/FLASHLIGHTS
20170214,852d833afff59789f9b1b65ae74bbe803914ee29,9.99,1,ENRGZ H/AID AZ13DP-8,GENERAL MERCHANDISE,BATTERIES/FLASHLIGHTS
20170214,ce0a9cc041367d7c09cd2f15571679add3fd4431,11.69,1,ENRGZ MAX AA,GENERAL MERCHANDISE,BATTERIES/FLASHLIGHTS
20170214,d4c64a1e4107ed5431830e41e1dceb3c8fdf4c9c,11.69,1,ENRGZ MAX AA,GENERAL MERCHANDISE,BATTERIES/FLASHLIGHTS
20170214,d60d4896f0abab528cf72755e4bb5f3caea85169,11.69,1,ENRGZ MAX AAA,GENERAL MERCHANDISE,BATTERIES/FLASHLIGHTS
20170214,1ce61ec86d908fa516371328bbd6efe5446f6dbe,9.99,1,ENRGZ H/AID AZ13DP-8,GENERAL MERCHANDISE,BATTERIES/FLASHLIGHTS
20170214,c1e6522aeb0dd615892b88f10d568ed7b693f8e,8.49,1,ENRGZ MAX AA E91MP-8,GENERAL MERCHANDISE,BATTERIES/FLASHLIGHTS
20170214,144462f20162cdc1d10597ad816a220d66e285cc,8.49,1,ENRGZ MAX AAA E92MP-8,GENERAL MERCHANDISE,BATTERIES/FLASHLIGHTS
20170214,2595807034a3626665f10bceb1a4c7aafefc9e26,5.59,1,ENRGZ BATTERY AAA,GENERAL MERCHANDISE,BATTERIES/FLASHLIGHTS
20170214,144462f20162cdc1d10597ad816a220d66e285cc,9.99,1,ENRGZ H/AID AZ10DP-8,GENERAL MERCHANDISE,BATTERIES/FLASHLIGHTS
20170214,fee880c7daa99a5412fc7d05f7873d0035c49264,14.99,1,ENERGIZER ULT LITH 9V,GENERAL MERCHANDISE,BATTERIES/FLASHLIGHTS
20170214,32e49ca852da9f3d17cfbd0fdb6e9421aa089833,5.59,3,ENRGZ BATTERY AAA,GENERAL MERCHANDISE,BATTERIES/FLASHLIGHTS
20170214,dbc375179101068e1f67279ec2d64ed3b441392a,11.69,1,ENRGZ MAX AA,GENERAL MERCHANDISE,BATTERIES/FLASHLIGHTS
20170214,649299cd83d19d6512c386410e7bbc5494b95741,8.49,1,ENRGZ MAX AA E91MP-8,GENERAL MERCHANDISE,BATTERIES/FLASHLIGHTS
20170214,5015f49d1e08714137ddb31a31cd7dd04aed3eaa,8.49,1,ENRGZ MAX AA E91MP-8,GENERAL MERCHANDISE,BATTERIES/FLASHLIGHTS
20170214,4793a95d75bd329349cba9c00acf14afd4ca9e3a,5.59,1,ENRGZ BATTERY AAA,GENERAL MERCHANDISE,BATTERIES/FLASHLIGHTS
20170214,fd8812619eac25997bac74f877ded63bca68998f,11.69,1,ENRGZ MAX AA,GENERAL MERCHANDISE,BATTERIES/FLASHLIGHTS
20170214,3474a31bd7059f2b1430db2035f271fd15ab914,3.25,1,REFRESH HAWAAIAN AUTO WIPES,GENERAL MERCHANDISE,AUTOMOTIVE
20170214,8510c7be0c91874e527660160585950d675ad80e,5.59,1,ENRGZ BATTERY AAA,GENERAL MERCHANDISE,BATTERIES/FLASHLIGHTS
20170214,ab4c8152deeb0ab253a48e60f4718b22c5c2e676,11.49,1,ENRGZ MAX AA,GENERAL MERCHANDISE,BATTERIES/FLASHLIGHTS
20170214,eb85659862b1c537a60c4698519e94e8daade809,11.69,1,ENRGZ MAX AA,GENERAL MERCHANDISE,BATTERIES/FLASHLIGHTS
20170214,2c6b65ea584d7e215b53f2c0dc8652953e33ddc2,3.25,1,REFRESH HAWAAIAN AUTO WIPES,GENERAL MERCHANDISE,AUTOMOTIVE
20170214,ad604dbb7af2f40dedb2ebe4af684ee1b47b926f,11.69,1,ENRGZ MAX AA,GENERAL MERCHANDISE,BATTERIES/FLASHLIGHTS
20170214,234c9c865140cc074f50d70aaacfc4d3ce69588d,5.59,1,ENRGZ BATTERY AAA,GENERAL MERCHANDISE,BATTERIES/FLASHLIGHTS
20170214,a0924e69f7d2a8c975293f2f865f5a61f325aed9,5.59,1,ENRGZ BATTERY AA,GENERAL MERCHANDISE,BATTERIES/FLASHLIGHTS
20170214,c1e6522aeb0dd615892b88f10d568ed7b693f8e,11.69,1,ENRGZ MAX AA,GENERAL MERCHANDISE,BATTERIES/FLASHLIGHTS
20170214,76fd91b5ce076f06251fbc83465e287d805d7017,11.69,1,ENRGZ MAX AA,GENERAL MERCHANDISE,BATTERIES/FLASHLIGHTS
20170214,f2fbe986d7373909005dd0aa6e99bcd1e4b6396a,8.49,1,ENRGZ MAX AAA E92MP-8,GENERAL MERCHANDISE,BATTERIES/FLASHLIGHTS
20170214,f2fbe986d7373909005dd0aa6e99bcd1e4b6396a,11.69,1,ENRGZ MAX AAA,GENERAL MERCHANDISE,BATTERIES/FLASHLIGHTS
20170214,c1e6522aeb0dd615892b88f10d568ed7b693f8e,9.99,1,ENRGZ H/AID AZ312DP-8,GENERAL MERCHANDISE,BATTERIES/FLASHLIGHTS
20170214,ad259641ae1483b540ac591c1d3798a4effe4561,-3.99,-1,ENGZR N E90-1.5V,GENERAL MERCHANDISE,BATTERIES/FLASHLIGHTS
20170214,aae1c24bb61ae8d979fc4da4f3ef2ef58193a64c,8.49,1,ENRGZ MAX AA E91MP-8,GENERAL MERCHANDISE,BATTERIES/FLASHLIGHTS
20170214,435e77cc14f8ab7bf09d23c07982111a8914553c,8.49,1,ENRGZ MAX AAA E92MP-8,GENERAL MERCHANDISE,BATTERIES/FLASHLIGHTS
20170214,2fecdd08bb48901ea5a776e9cd0fa61746cb7f97,5.59,1,ENRGZ BATTERY AAA,GENERAL MERCHANDISE,BATTERIES/FLASHLIGHTS
20170214,d5b32864841f8e512f9bb0f3c0944eecc2d3b4c1,8.49,2,ENRGZ MAX AAA E92MP-8,GENERAL MERCHANDISE,BATTERIES/FLASHLIGHTS
20170214,fcacbaf995613add57bf12718096ad8282a7390c,5.59,1,ENRGZ BATTERY AA,GENERAL MERCHANDISE,BATTERIES/FLASHLIGHTS
20170214,db4840344d522e43ba81dd278c13757787275080,11.69,1,ENRGZ MAX AAA,GENERAL MERCHANDISE,BATTERIES/FLASHLIGHTS
20170214,f4abb3d581f6a1e1b676f06113ebbf65655985c1,5.59,1,ENRGZ BATTERY AA,GENERAL MERCHANDISE,BATTERIES/FLASHLIGHTS
20170214,35079a55716a560a8c8642334efe7fbda33e988c,5.59,1,ENRGZ BATTERY AAA,GENERAL MERCHANDISE,BATTERIES/FLASHLIGHTS
20170214,c6787bda6a0b5aa2e6a1311fc79a83389c3631ab,5.59,1,ENRGZ BATTERY AAA,GENERAL MERCHANDISE,BATTERIES/FLASHLIGHTS
20170214,f0d8646973f60f7fb6c4a9c46f9959dbb35406b7,11.69,1,ENRGZ MAX AAA,GENERAL MERCHANDISE,BATTERIES/FLASHLIGHTS
20170214,38642bdb5c115dd3ee4d73fe74e0ff273f1a3a10,14.99,1,ENERGIZER ULT LITH 9V,GENERAL MERCHANDISE,BATTERIES/FLASHLIGHTS
20170214,d09330f5207023a8244e4a79ec2e3e2f08cabd8f,5.59,1,ENRGZ BATTERY AA,GENERAL MERCHANDISE,BATTERIES/FLASHLIGHTS
20170214,c027324b835af0dafd8786823a8f9cd66db98fb1,8.49,1,ENRGZ MAX AA E91MP-8,GENERAL MERCHANDISE,BATTERIES/FLASHLIGHTS
20170214,68914870bfd3c79c34a3321d06c7285e0e76668d,3.25,1,REFRESH HAWAAIAN AUTO WIPES,GENERAL MERCHANDISE,AUTOMOTIVE
20170214,d5b32864841f8e512f9bb0f3c0944eecc2d3b4c1,5.59,1,ENRGZ BATTERY AAA,GENERAL MERCHANDISE,BATTERIES/FLASHLIGHTS
20170214,3917c03084a950e96eaee122293470f483335999,8.49,1,ENRGZ MAX AA E91MP-8,GENERAL MERCHANDISE,BATTERIES/FLASHLIGHTS
20170214,7913a918e4ae7495d66138455931940e24caf65b,11.69,1,ENRGZ MAX AA,GENERAL MERCHANDISE,BATTERIES/FLASHLIGHTS
20170214,7575f1609f5c11336e3e678c689f63c110d9a18b,8.49,1,ENRGZ MAX AA E91MP-8,GENERAL MERCHANDISE,BATTERIES/FLASHLIGHTS
20170214,64bc2e0fa55878a7e271ee4215ab7ae62e565169,8.49,1,ENRGZ MAX AAA E92MP-8,GENERAL MERCHANDISE,BATTERIES/FLASHLIGHTS
20170214,f40e1143db4199609387db7b3c4028a85da5d0f7,11.69,1,ENRGZ MAX AAA,GENERAL MERCHANDISE,BATTERIES/FLASHLIGHTS
20170214,ba28575d5142be6c6825da76ba957898d63bd2bf,-5.99,-2,ENRGZ MAX 9V 522BP-2,GENERAL MERCHANDISE,BATTERIES/FLASHLIGHTS
20170214,5aa93053e6ea1c574578a1878bbf261c470555d9,11.69,1,ENRGZ MAX AAA,GENERAL MERCHANDISE,BATTERIES/FLASHLIGHTS
20170214,1d1506fca01a0ae4270a1bd0462542722e35e6ea,8.49,1,ENRGZ MAX AA E91MP-8,GENERAL MERCHANDISE,BATTERIES/FLASHLIGHTS
20170214,cc7303e9dc61de77f2df1837a2da83d2db4a32c5,11.69,1,ENRGZ MAX AAA,GENERAL MERCHANDISE,BATTERIES/FLASHLIGHTS
20170214,e31e79c290377b9a0e1c28f4008a2f29029a3c8b,5.59,1,ENRGZ BATTERY AA,GENERAL MERCHANDISE,BATTERIES/FLASHLIGHTS
20170214,2c22962503d4a8e4db4bcd136b2faf5ae21326f2,-2.99,-2,ENRGZ 3V WTCH LITH 2025,GENERAL MERCHANDISE,BATTERIES/FLASHLIGHTS
20170214,2c22962503d4a8e4db4bcd136b2faf5ae21326f2,-3.74,-1,ENER ALK E90 2PK,GENERAL MERCHANDISE,BATTERIES/FLASHLIGHTS
20170214,cc96b4e7e4873b2a31dc2e4ec079599ae5b4084d,8.49,1,ENRGZ MAX AA E91MP-8,GENERAL MERCHANDISE,BATTERIES/FLASHLIGHTS
20170214,def2cd6adce183814faac64a444a38f7ae6b82a3,3.25,1,REFRESH HAWAAIAN AUTO WIPES,GENERAL MERCHANDISE,AUTOMOTIVE
20170214,4fdfb5d516a7d30a9d64e29611101a09202134c0,5.59,1,ENRGZ BATTERY AAA,GENERAL MERCHANDISE,BATTERIES/FLASHLIGHTS
20170214,a629878960d0cac33e9d84187cf1c253807b4df4,5.59,1,ENRGZ BATTERY AA,GENERAL MERCHANDISE,BATTERIES/FLASHLIGHTS
20170214,7c2b7e61e1b15f2850af6b078214844b881cec6,5.59,1,ENRGZ BATTERY AAA,GENERAL MERCHANDISE,BATTERIES/FLASHLIGHTS
20170214,930d4c6aac4ca933c22adeff50bf9dce951ca2ac,3.25,1,REFRESH HAWAAIAN AUTO WIPES,GENERAL MERCHANDISE,AUTOMOTIVE
20170214,386774202579b0bf1e911b0c6b472d215738f79a,8.49,1,ENER ECO ADVNC AA 4CT BATTERY,GENERAL MERCHANDISE,BATTERIES/FLASHLIGHTS
20170214,df6af7f3763d0930936eb1b0c78d1fe216c612ed,8.49,1,ENRGZ MAX AAA E92MP-8,GENERAL MERCHANDISE,BATTERIES/FLASHLIGHTS
20170214,e3f570224587c58237a0d18621809c3cf3446823,8.49,1,ENER ECO ADVNC AA 4CT BATTERY,GENERAL MERCHANDISE,BATTERIES/FLASHLIGHTS
20170214,5015f49d1e08714137ddb31a31cd7dd04aed3eaa,8.49,1,ENRGZ MAX AA E91MP-8,GENERAL MERCHANDISE,BATTERIES/FLASHLIGHTS
20170214,8c89546b9dd338ffe03b988779cbcbd6959bbf54,8.49,1,ENRGZ MAX AA E91MP-8,GENERAL MERCHANDISE,BATTERIES/FLASHLIGHTS
20170214,8e93376e8c4762f63278c06d6aca94522f238f88,5.59,1,ENRGZ BATTERY AAA,GENERAL MERCHANDISE,BATTERIES/FLASHLIGHTS
20170214,ddf51bf72a92fa8dc3a7012af277d678f277b64b,5.59,1,ENRGZ BATTERY AAA,GENERAL MERCHANDISE,BATTERIES/FLASHLIGHTS
20170214,12a0f0c065d90dda99a6556004423c340a1b5d0,8.49,1,ENRGZ MAX AAA E92MP-8,GENERAL MERCHANDISE,BATTERIES/FLASHLIGHTS
20170214,1f6cd2710181a662111a65b9dfcfae07e71ff76b,5.59,1,ENRGZ BATTERY AA,GENERAL MERCHANDISE,BATTERIES/FLASHLIGHTS
20170214,13c4b7cb68c8ba5e3c24deab19eed6243ab7c9ff,5.59,1,ENRGZ BATTERY AA,GENERAL MERCHANDISE,BATTERIES/FLASHLIGHTS
20170214,e0be7db008c39b16449cc826464fb6772dc636e5,12.49,1,ENRGZ PHO LITH 3V 123A,GENERAL MERCHANDISE,BATTERIES/FLASHLIGHTS
20170214,12d68cc579347c2fe2e06ed0d3b98df3c979f3c1,3.25,1,REFRESH HAWAAIAN AUTO WIPES,GENERAL MERCHANDISE,AUTOMOTIVE
20170214,46955fedfb0ba41845b6f7012ba83a56a1cc6162,5.59,1,ENRGZ BATTERY AA,GENERAL MERCHANDISE,BATTERIES/FLASHLIGHTS
20170214,be198f5d4e88786298cbae54402c8aa060612e7,5.59,1,ENRGZ BATTERY AAA,GENERAL MERCHANDISE,BATTERIES/FLASHLIGHTS
20170214,549f3aaf93d0e160d9cd295942c1f2341c83e582,11.99,1,ENRGZ RECHARGE 4CT AAA,GENERAL MERCHANDISE,BATTERIES/FLASHLIGHTS
20170214,b4e6a79b8994f6ee39042c732fcc4b11aa0640a6,5.59,1,ENRGZ BATTERY AA,GENERAL MERCHANDISE,BATTERIES/FLASHLIGHTS
20170214,f0619c438f4471895b3b8d284d1f6fcab81fc57b,8.49,1,ENER ECO ADVNC AA 4CT BATTERY,GENERAL MERCHANDISE,BATTERIES/FLASHLIGHTS
20170214,a59b3c81de8680029ef7614c50fb53c94c55892d,8.49,1,ENRGZ MAX AA E91MP-8,GENERAL MERCHANDISE,BATTERIES/FLASHLIGHTS
20170214,bd9ae1b4a899e7b9ab23da1914b52d3365d4ee78,8.49,1,ENRGZ MAX AAA E92MP-8,GENERAL MERCHANDISE,BATTERIES/FLASHLIGHTS
20170214,ef1b92731c992ad5ae951ca7ad12517897888d4d,8.49,1,ENRGZ MAX AAA E92MP-8,GENERAL MERCHANDISE,BATTERIES/FLASHLIGHTS
20170214,ea9ff55ca62577e6d58847d983e6e2349af25123,8.49,1,ENERGIZER ULT LITH 9V,GENERAL MERCHANDISE,BATTERIES/FLASHLIGHTS
20170214,f6a6ddbdc9929f93884ce74c5ff33188533f0606,11.69,1,ENRGZ MAX AAA,GENERAL MERCHANDISE,BATTERIES/FLASHLIGHTS
20170214,5651e86c106f76a765d69a6172238fb463249cfe,5.59,1,ENRGZ BATTERY AA,GENERAL MERCHANDISE,BATTERIES/FLASHLIGHTS
20170214,e6630cac8c912b01221aac481098640fb3984cf1,5.59,1,ENRGZ BATTERY AA,GENERAL MERCHANDISE,BATTERIES/FLASHLIGHTS
20170214,aa2abc9e60ae73a3f14e01b2528f8fef6d11a6b4,11.69,1,ENRGZ MAX AA,GENERAL MERCHANDISE,BATTERIES/FLASHLIGHTS
20170214,52ffc29bdf55031a5529883f64b2321f3c3a730d,9.99,1,ENRGZ H/AID AZ10DP-8,GENERAL MERCHANDISE,BATTERIES/FLASHLIGHTS
20170214,1dae1a66a9a539554c0147f009e2ade752078d,8.49,1,ENRGZ MAX AAA E92MP-8,GENERAL MERCHANDISE,BATTERIES/FLASHLIGHTS
20170214,183762c5467a1629eda4649ff25378cc18662084,3.25,1,REFRESH HAWAAIAN AUTO WIPES,GENERAL MERCHANDISE,AUTOMOTIVE
20170214,7bcc938d6c84a4e1fa55f47e2da1ffb95905461f,5.59,1,ENRGZ BATTERY AAA,GENERAL MERCHANDISE,BATTERIES/FLASHLIGHTS
20170214,ce0a9cc041367d7c09cd2f15571679add3fd4431,8.49,1,ENRGZ MAX AAA E92MP-8,GENERAL MERCHANDISE,BATTERIES/FLASHLIGHTS
20170214,b3308a043cce6fdbbea207b44bd618c6b0ef2816,11.69,1,ENRGZ MAX AAA,GENERAL MERCHANDISE,BATTERIES/FLASHLIGHTS
20170214,e4eb4be3f6bf6200f2a6a2e9c3fa98ec1c973840,5.59,1,ENRGZ BATTERY AA,GENERAL MERCHANDISE,BATTERIES/FLASHLIGHTS
20170214,2bcd20595e2d3fbb276f01297266417f715303a8,8.49,1,ENRGZ MAX AA E91MP-8,GENERAL MERCHANDISE,BATTERIES/FLASHLIGHTS
20170214,3edc2f366d96ef2c1e30ea0490a9501c0537b06,11.69,1,ENRGZ MAX AAA,GENERAL MERCHANDISE,BATTERIES/FLASHLIGHTS
20170214,8c82be9d1cf7ff3a64a456d3203a6d66b267483c,8.49,1,ENRGZ MAX AA E91MP-8,GENERAL MERCHANDISE,BATTERIES/FLASHLIGHTS
20170214,8c82be9d1cf7ff3a64a456d3203a6d66b267483c,5.59,1,ENRGZ BATTERY AA,GENERAL MERCHANDISE,BATTERIES/FLASHLIGHTS
20170214,a4cc354addb375bca5c3d4a00788fea5625e6b79,11.69,1,ENRGZ MAX AAA,GENERAL MERCHANDISE,BATTERIES/FLASHLIGHTS
20170214,bcc814e044eadb35845dcadfeb3c91712bccdb63,8.49,1,ENERGIZER ULT LITH 9V,GENERAL MERCHANDISE,BATTERIES/FLASHLIGHTS
20170214,6afa018e0b1c424ee28370471c937ac0d7002143,11.69,1,ENRGZ MAX AA,GENERAL MERCHANDISE,BATTERIES/FLASHLIGHTS
20170214,b89f0aff3c47e65d278be5de0c921c7804eacd0,11.69,1,ENRGZ MAX AA,GENERAL MERCHANDISE,BATTERIES/FLASHLIGHTS
20170214,6f562b0a0f8ed584635f36e269b94edf82e09d18,14.99,1,ENERGIZER ULT LITH 9V,GENERAL MERCHANDISE,BATTERIES/FLASHLIGHTS
20170214,76275d22c4bc05467298ec0bf90c435d77581e98,5.59,1,ENRGZ BATTERY AAA,GENERAL MERCHANDISE,BATTERIES/FLASHLIGHTS
20170214,6b151fe760db08c5b7f00531e3944d20e46a526d,5.59,1,ENRGZ BATTERY AA,GENERAL MERCHANDISE,BATTERIES/FLASHLIGHTS
20170214,29f1a68af8aefb8bdf6694ab939354c31e560ac8,5.59,1,ENRGZ BATTERY AA,GENERAL MERCHANDISE,BATTERIES/FLASHLIGHTS
20170214,40f162bc8a6aaaff878c50d27cfb5189a3abbf77,8.49,1,ENRGZ MAX AA E91MP-8,GENERAL MERCHANDISE,BATTERIES/FLASHLIGHTS
20170214,f6a6ddbdc9929f93884ce74c5ff33188533f0606,5.59,1,ENRGZ BATTERY AA,GENERAL MERCHANDISE,BATTERIES/FLASHLIGHTS
20170214,608982b9fd705291b49e98834cd0d8e854ffa2a6,6.49,1,ENER ECO ADVNC AA 4CT BATTERY,GENERAL MERCHANDISE,BATTERIES/FLASHLIGHTS
20170214,5c90cde36e8a5164e29ee35fbaccc9e2eda75fc8,5.59,1,ENRGZ BATTERY AAA,GENERAL MERCHANDISE,BATTERIES/FLASHLIGHTS
20170214,5c90cde36e8a5164e29ee35fbaccc9e2eda75fc8,5.59,1,ENRGZ BATTERY AA,GENERAL MERCHANDISE,BATTERIES/FLASHLIGHTS
20170214,3fafcc990d47ccef32918985767053726a4381c8,5.59,1,ENRGZ BATTERY AAA,GENERAL MERCHANDISE,BATTERIES/FLASHLIGHTS
20170214,85fbda69461c83f53eb38f3eab6758eec954585e,11.69,1,ENRGZ MAX AA,GENERAL MERCHANDISE,BATTERIES/FLASHLIGHTS
20170214,4a113f19dc501b4f771cffbe3a496de264bc59c0,5.59,1,ENRGZ BATTERY AA,GENERAL MERCHANDISE,BATTERIES/FLASHLIGHTS
20170214,646f1e441a00cb9fa8ef0f9a0ebb28eea090bc90,11.69,1,ENRGZ MAX AAA,GENERAL MERCHANDISE,BATTERIES/FLASHLIGHTS
20170214,873e3551723fbad4a15dc4732958b8ec7450a060,5.59,1,ENRGZ BATTERY AA,GENERAL MERCHANDISE,BATTERIES/FLASHLIGHTS
20170214,1295ff894fd9218d1c26eef15ea091dd9d2a3ed8,-2.99,-1,ENGZR N E90-1.5V,GENERAL MERCHANDISE,BATTERIES/FLASHLIGHTS
20170214,c6af35d909eb7f7e8c2c967b7fde21276226c74f,5.59,1,ENRGZ BATTERY AAA,GENERAL MERCHANDISE,BATTERIES/FLASHLIGHTS
20170214,bfc908cc520ecbb0a7d18b2e56ef8b7a3da46d92,5.59,1,ENRGZ BATTERY AA,GENERAL MERCHANDISE,BATTERIES/FLASHLIGHTS
20170214,57d13bb2b79a507dfeeb9d73ba1f578c06252a0c,11.69,1,ENRGZ MAX AA,GENERAL MERCHANDISE,BATTERIES/FLASHLIGHTS
20170214,64a1e2dead4eb8a96babc795b10057cde763b77a,5.59,1,ENRGZ BATTERY AA,GENERAL MERCHANDISE,BATTERIES/FLASHLIGHTS
20170214,6e10a1160abcbfb53558a98920df2ca5498f138,11.69,1,ENRGZ MAX AAA,GENERAL MERCHANDISE,BATTERIES/FLASHLIGHTS
20170214,8610fab507dae56eff0960a46bd3756ffa3fa9ca,5.59,1,ENRGZ BATTERY AAA,GENERAL MERCHANDISE,BATTERIES/FLASHLIGHTS
20170214,e69b7d177db048b75aaa366829e8f237f194d937,8.49,1,ENRGZ MAX AAA E92MP-8,GENERAL MERCHANDISE,BATTERIES/FLASHLIGHTS
20170214,72adbec07ca943ef78c18c011a0c9dbf91da94c7,9.99,1,ENRGZ H/AID AZ312DP-8,GENERAL MERCHANDISE,BATTERIES/FLASHLIGHTS
20170214,825441f4ee09462257c51489605a73230b3922b9,11.69,1,ENRGZ MAX AA,GENERAL MERCHANDISE,BATTERIES/FLASHLIGHTS
20170214,2595807034a3626665f10bceb1a4c7aafefc9e26,8.49,1,ENRGZ MAX AAA E92MP-8,GENERAL MERCHANDISE,BATTERIES/FLASHLIGHTS
20170214,2595807034a3626665f10bceb1a4c7aafefc9e26,5.59,1,ENRGZ BATTERY AA,GENERAL MERCHANDISE,BATTERIES/FLASHLIGHTS
20170214,63c4d1699c92d69bc187e58c7bd1111ecd36129c,5.59,1,ENRGZ BATTERY AA,GENERAL MERCHANDISE,BATTERIES/FLASHLIGHTS
20170214,1d52e18334dbd9169370ad2e1cc42b1010ce39a3,5.59,1,ENRGZ BATTERY AAA,GENERAL MERCHANDISE,BATTERIES/FLASHLIGHTS
20170214,8df1252c8abdb2b02d9f68f7d806b715a3cc4dd,8.49,1,ENRGZ MAX AA E91MP-8,GENERAL MERCHANDISE,BATTERIES/FLASHLIGHTS
20170214,5243d4cfbd6bae154d782531c1a37fa2439d7e2a,8.49,1,ENRGZ MAX AAA E92MP-8,GENERAL MERCHANDISE,BATTERIES/FLASHLIGHTS
20170214,3d11eeba941d06bab9fabfb45cbe83ad77dc99a4,9.99,1,ENRGZ H/AID AZ10DP-8,GENERAL MERCHANDISE,BATTERIES/FLASHLIGHTS
20170214,13c4b7cb68c8ba5e3c24deab19eed6243ab7c9ff,11.69,1,ENRGZ MAX AA,GENERAL MERCHANDISE,BATTERIES/FLASHLIGHTS
20170214,8df1252c8abdb2b02d9f68f7d806b715a3cc4dd,8.49,1,ENRGZ MAX AA E91MP-8,GENERAL MERCHANDISE,BATTERIES/FLASHLIGHTS
20170214,76275d22c4bc05467298ec0bf90c435d77581e98,6.49,1,ENER ECO ADVNC AA 4CT BATTERY,GENERAL MERCHANDISE,BATTERIES/FLASHLIGHTS
20170214,649299cd83d19d6512c386410e7bbc5494b95741,8.49,1,ENRGZ MAX AA E91MP-8,GENERAL MERCHANDISE,BATTERIES/FLASHLIGHTS
20170214,e31e79c290377b9a0e1c28f4008a2f29029a3c8b,8.49,1,ENRGZ MAX AA E91MP-8,GENERAL MERCHANDISE,BATTERIES/FLASHLIGHTS
20170214,4ff5b3a9a3da04c79e007b41b18ebccbe6c14dc9,8.49,1,ENRGZ MAX AAA E92MP-8,GENERAL MERCHANDISE,BATTERIES/FLASHLIGHTS
20170214,33bcdc05d370140c677a313120c6f3aea81a7f3,8.49,1,ENRGZ MAX AA E91MP-8,GENERAL MERCHANDISE,BATTERIES/FLASHLIGHTS
20170214,d4247e9488ea6ff7dc0375db29701a1b61259748,5.59,1,ENRGZ BATTERY AA,GENERAL MERCHANDISE,BATTERIES/FLASHLIGHTS
20170214,ea6e96a66e9b385e1e0a4c9dbd60d23cae1e151d,11.69,1,ENRGZ MAX AAA,GENERAL MERCHANDISE,BATTERIES/FLASHLIGHTS
20170214,f5cbdbcd5e140d4dee3ac5533b24acf1c03945a2,8.49,1,ENRGZ MAX AA E91MP-8,GENERAL MERCHANDISE,BATTERIES/FLASHLIGHTS
20170214,e4f8b5f7a3ff95c444731f8b6bbdf3a29a17925e,9.99,1,ENRGZ H/AID AZ312DP-8,GENERAL MERCHANDISE,BATTERIES/FLASHLIGHTS
20170214,43194ba00c76f138daaac7cf5ff2c9a7815b0de4,5.59,1,ENRGZ BATTERY AAA,GENERAL MERCHANDISE,BATTERIES/FLASHLIGHTS
20170214,aa4a91abb48631f2bbbafdbb4ef0be2ec3c70bd4,8.49,1,ENRGZ MAX AA E91MP-8,GENERAL MERCHANDISE,BATTERIES/FLASHLIGHTS
20170214,5ddabbe743bbb97b2e2b86ca02557113e32329cc,5.59,1,ENRGZ BATTERY AA,GENERAL MERCHANDISE,BATTERIES/FLASHLIGHTS
20170214,589c5e07dfcddc4c5b06e7c4377e1d6edac969db,8.49,1,ENRGZ MAX AA E91MP-8,GENERAL MERCHANDISE,BATTERIES/FLASHLIGHTS
20170214,2d4beccb0c63d2dd7990fb6f2b9512cab3c9ef61,9.99,1,ENRGZ H/AID AZ312DP-8,GENERAL MERCHANDISE,BATTERIES/FLASHLIGHTS
20170214,852d833afff59789f9b1b65ae74bbe803914ee29,9.99,1,ENRGZ H/AID AZ312DP-8,GENERAL MERCHANDISE,BATTERIES/FLASHLIGHTS
20170214,3162b9d56625661d2c72bf968df066584482b2a5,8.49,1,ENRGZ MAX AA E91MP-8,GENERAL MERCHANDISE,BATTERIES/FLASHLIGHTS
20170214,3162b9d56625661d2c72bf968df066584482b2a5,5.59,1,ENRGZ BATTERY AA,GENERAL MERCHANDISE,BATTERIES/FLASHLIGHTS
20170214,3cc4f67a4b134a868636d05b5924da015f1159b8,5.59,1,ENRGZ BATTERY AAA,GENERAL MERCHANDISE,BATTERIES/FLASHLIGHTS
20170214,1b4d67625d18552451e9294b1d9a0d28be094efe,9.99,1,ENRGZ H/AID AZ312DP-8,GENERAL MERCHANDISE,BATTERIES/FLASHLIGHTS
20170214,d1e1a6991a130508c8704b7969300f561755c1b8,5.59,1,ENRGZ BATTERY AAA,GENERAL MERCHANDISE,BATTERIES/FLASHLIGHTS
20170214,5582999b225165f9c2c416114faed288c3f88d5b,11.69,1,ENRGZ MAX AA,GENERAL MERCHANDISE,BATTERIES/FLASHLIGHTS
20170214,456b867dc34ee390d63684638b490897821f0eed,8.49,1,ENERGIZER ULT LITH 9V,GENERAL MERCHANDISE,BATTERIES/FLASHLIGHTS
20170214,dc31c9790e79ea5018be7162376c89ba700881b6,5.59,1,ENRGZ BATTERY AAA,GENERAL MERCHANDISE,BATTERIES/FLASHLIGHTS
20170214,2d43180ac7cb74c648a5b6495b9db3b45c3def4,5.59,1,ENRGZ BATTERY AA,GENERAL MERCHANDISE,BATTERIES/FLASHLIGHTS
20170214,246005f765046e762865c29e625530e02b3160fe,3.25,1,REFRESH HAWAAIAN AUTO WIPES,GENERAL MERCHANDISE,AUTOMOTIVE
20170214,fb5ea0a44984bd3c6d441d55933c9a0d815aed38,11.69,1,ENRGZ MAX AAA,GENERAL MERCHANDISE,BATTERIES/FLASHLIGHTS
20170214,fb5ea0a44984bd3c6d441d55933c9a0d815aed38,11.69,1,ENRGZ MAX AA,GENERAL MERCHANDISE,BATTERIES/FLASHLIGHTS
20170214,ad604dbb7af2f40dedb2ebe4af684ee1b47b926f,8.49,1,ENRGZ MAX AAA E92MP-8,GENERAL MERCHANDISE,BATTERIES/FLASHLIGHTS
20170214,e81e5eee1eb0408f15e96da1ad2759217d2c75c3,8.49,1,ENRGZ MAX AA E91MP-8,GENERAL MERCHANDISE,BATTERIES/FLASHLIGHTS
20170214,95a2cd7664b3724e8e4869feffef244919e1489e,3.25,1,REFRESH HAWAAIAN AUTO WIPES,GENERAL MERCHANDISE,AUTOMOTIVE
20170214,6c7d00b294e27e70916701c13d4bfb12c10f9906,9.99,1,ENRGZ H/AID AZ312DP-8,GENERAL MERCHANDISE,BATTERIES/FLASHLIGHTS
20170214,63c4d1699c92d69bc187e58c7bd1111ecd36129c,11.69,1,ENRGZ MAX AAA,GENERAL MERCHANDISE,BATTERIES/FLASHLIGHTS
20170214,38a428283d2bb69873d7de2f947b21ab15d3566d,11.69,1,ENRGZ MAX AA,GENERAL MERCHANDISE,BATTERIES/FLASHLIGHTS
20170214,327e2e33a8db3407733ab97787d5f8a19174136c,11.69,1,ENRGZ MAX AA,GENERAL MERCHANDISE,BATTERIES/FLASHLIGHTS
20170214,649299cd83d19d6512c386410e7bbc5494b95741,8.49,1,ENRGZ MAX AA E91MP-8,GENERAL MERCHANDISE,BATTERIES/FLASHLIGHTS
20170214,751ebe6ed575703e819c05f5bfa18884d0b7ad9,9.99,1,ENRGZ H/AID AZ10DP-8,GENERAL MERCHANDISE,BATTERIES/FLASHLIGHTS
20170214,fd8812619eac25997bac74f877ded63bca68998f,11.69,1,ENRGZ MAX AA,GENERAL MERCHANDISE,BATTERIES/FLASHLIGHTS
20170214,758d4df06e075c58162ea5dc4195f0fc2909eb8e,11.69,1,ENRGZ MAX AA,GENERAL MERCHANDISE,BATTERIES/FLASHLIGHTS
20170214,2a059b6808407d18bbdf1792f34397b46050f936,8.49,1,ENRGZ MAX AA E91MP-8,GENERAL MERCHANDISE,BATTERIES/FLASHLIGHTS
20170214,d4e65dd0ff49e6f3715f63bcae5f9719e7b3c79a,9.99,1,ENRGZ H/AID AZ13DP-8,GENERAL MERCHANDISE,BATTERIES/FLASHLIGHTS
20170214,aa02cea051f3ce10d669dbd01525485b0e4dee60,5.59,1,ENRGZ BATTERY AAA,GENERAL MERCHANDISE,BATTERIES/FLASHLIGHTS
20170214,54f1f6d950ce40e6e4cc14ac2f2812d4e22eba44,8.49,1,ENRGZ MAX AA E91MP-8,GENERAL MERCHANDISE,BATTERIES/FLASHLIGHTS
20170214,b95975623bd40d629943a54667739baf8105ff10,5.59,1,ENRGZ BATTERY AAA,GENERAL MERCHANDISE,BATTERIES/FLASHLIGHTS
20170214,cc96b4e7e4873b2a31dc2e4ec079599ae5b4084d,11.69,1,ENRGZ MAX AAA,GENERAL MERCHANDISE,BATTERIES/FLASHLIGHTS
20170214,8748a1b16b2bebbdf50d1761e82815eeef215ddc,8.49,1,ENRGZ MAX AA E91MP-8,GENERAL MERCHANDISE,BATTERIES/FLASHLIGHTS
20170214,d2bfcecc63927e3be1a2cc54415ab8cd69d3f34d,11.69,1,ENRGZ MAX AA,GENERAL MERCHANDISE,BATTERIES/FLASHLIGHTS
20170214,3d8100a6c4bbe883aeb31275521de204f1574262,5.59,1,ENRGZ BATTERY AAA,GENERAL MERCHANDISE,BATTERIES/FLASHLIGHTS
20170214,7aeacebd1496441a05078d1a951b6e4839c6c886,8.49,1,ENRGZ MAX AAA E92MP-8,GENERAL MERCHANDISE,BATTERIES/FLASHLIGHTS
20170214,d38997db6f95bd6680d9c8e9e8fb1fb1fda6b7be,9.99,1,ENRGZ H/AID AZ10DP-8,GENERAL MERCHANDISE,BATTERIES/FLASHLIGHTS
20170214,e468aba3faea8c8f94669d54d9c20db90fec14e0,14.99,1,ENERGIZER ULT LITH 9V,GENERAL MERCHANDISE,BATTERIES/FLASHLIGHTS
20170214,2fecdd08bb48901ea5a776e9cd0fa61746cb7f97,9.99,1,ENRGZ H/AID AZ312DP-8,GENERAL MERCHANDISE,BATTERIES/FLASHLIGHTS
20170214,69ffebfc458a20e42a8641953634b4d1aeb98397,8.49,1,ENRGZ MAX AA E91MP-8,GENERAL MERCHANDISE,BATTERIES/FLASHLIGHTS
20170214,a1b88e36e8996846d8771e68351014a5c3dd5731,8.49,1,ENRGZ MAX AA E91MP-8,GENERAL MERCHANDISE,BATTERIES/FLASHLIGHTS
20170214,15acb604144205d71bfe8008e46be061af19bbce,8.49,1,ENRGZ MAX AA E91MP-8,GENERAL MERCHANDISE,BATTERIES/FLASHLIGHTS
20170214,4ebc19385ec5663c4213c94e0a7dd9ccce42c720,8.49,1,ENRGZ MAX AAA E92MP-8,GENERAL MERCHANDISE,BATTERIES/FLASHLIGHTS
20170214,b1c5d162c84d5aa47f4bb8a837dc5f2461cab61b,8.49,1,ENERGIZER ULT LITH 9V,GENERAL MERCHANDISE,BATTERIES/FLASHLIGHTS
20170214,1468976da9dc57222225ce83bde0301411815e1c,9.99,1,ENRGZ H/AID AZ312DP-8,GENERAL MERCHANDISE,BATTERIES/FLASHLIGHTS
20170214,dc16bc589d5f94b5cc238bd72a6ee3dc4189571b,8.49,1,ENRGZ MAX AAA E92MP-8,GENERAL MERCHANDISE,BATTERIES/FLASHLIGHTS
20170214,d0e1da94e808a101c97aa41f07f26bb03e90b262,3.25,1,REFRESH HAWAAIAN AUTO WIPES,GENERAL MERCHANDISE,AUTOMOTIVE
20170214,def2cd6adce183814faac64a444a38f7ae6b82a3,8.49,1,ENRGZ MAX AAA E92MP-8,GENERAL MERCHANDISE,BATTERIES/FLASHLIGHTS
20170214,7913a918e4ae7495d66138455931940e24caf65b,14.99,1,ENERGIZER ULT LITH 9V,GENERAL MERCHANDISE,BATTERIES/FLASHLIGHTS
20170214,6563b83988cf1b45c3243fcdfe257edb982dc932,8.49,1,ENRGZ MAX AA E91MP-8,GENERAL MERCHANDISE,BATTERIES/FLASHLIGHTS
20170214,84661c11308c58a12ea5e74d81559f3426071155,15.99,1,ENER ALK E90 2PK,GENERAL MERCHANDISE,BATTERIES/FLASHLIGHTS
20170214,ad259641ae1483b540ac591c1d3798a4effe4561,9.99,1,ENRGZ H/AID AZ312DP-8,GENERAL MERCHANDISE,BATTERIES/FLASHLIGHTS
20170214,7aeacebd1496441a05078d1a951b6e4839c6c886,15.99,2,ENER ALK E90 2PK,GENERAL MERCHANDISE,BATTERIES/FLASHLIGHTS
20170214,f331eeef014b215fa7482ef095278e77d2fc2309,11.69,1,ENRGZ MAX AA,GENERAL MERCHANDISE,BATTERIES/FLASHLIGHTS
20170214,18aaa8922a655e32506ea53448defceb48cfa227,8.49,1,ENRGZ MAX AA E91MP-8,GENERAL MERCHANDISE,BATTERIES/FLASHLIGHTS
20170214,72af25995e56b24ef9edab0ea633a7f41e0e2ad,11.69,1,ENRGZ MAX AAA,GENERAL MERCHANDISE,BATTERIES/FLASHLIGHTS
20170214,838ddf95d00a41f589d50a6845fd9ef0467a3f6,5.59,1,ENRGZ BATTERY AA,GENERAL MERCHANDISE,BATTERIES/FLASHLIGHTS
20170214,ddb3f8b7b406146cb7de12b47485cd6d73f0fe40,5.59,1,ENRGZ BATTERY AAA,GENERAL MERCHANDISE,BATTERIES/FLASHLIGHTS
20170214,ddb3f8b7b406146cb7de12b47485cd6d73f0fe40,8.49,1,ENRGZ MAX AA E91MP-8,GENERAL MERCHANDISE,BATTERIES/FLASHLIGHTS
20170214,852d833afff59789f9b1b65ae74bbe803914ee29,8.49,1,ENRGZ MAX AA E91MP-8,GENERAL MERCHANDISE,BATTERIES/FLASHLIGHTS
20170214,889b16dcd030bb9574bf0a0b164646c9891c189c,8.49,1,ENRGZ MAX AAA E92MP-8,GENERAL MERCHANDISE,BATTERIES/FLASHLIGHTS
20170214,1d1506fca01a0ae4270a1bd0462542722e35e6ea,8.49,1,ENRGZ MAX AAA E92MP-8,GENERAL MERCHANDISE,BATTERIES/FLASHLIGHTS
20170214,b3058296877e217bd3e4af86f4583e5460b99213,5.59,1,ENRGZ BATTERY AA,GENERAL MERCHANDISE,BATTERIES/FLASHLIGHTS
20170214,9dd899f20d53fbd26f6bb797cf282433b0d27df0,8.49,1,ENRGZ MAX AA E91MP-8,GENERAL MERCHANDISE,BATTERIES/FLASHLIGHTS
20170214,57d13bb2b79a507dfeeb9d73ba1f578c06252a0c,8.49,1,ENRGZ MAX AAA E92MP-8,GENERAL MERCHANDISE,BATTERIES/FLASHLIGHTS
20170214,bcc814e044eadb35845dcadfeb3c91712bccdb63,8.49,1,ENRGZ MAX AA E91MP-8,GENERAL MERCHANDISE,BATTERIES/FLASHLIGHTS
20170214,ad604dbb7af2f40dedb2ebe4af684ee1b47b926f,8.49,1,ENRGZ MAX AA E91MP-8,GENERAL MERCHANDISE,BATTERIES/FLASHLIGHTS
20170214,a1555217f6b4a2322c8f57bb9fdb4e6e5e25d2b9,9.89,1,ENGZR ZINC AIR AZ312DP,GENERAL MERCHANDISE,BATTERIES/FLASHLIGHTS
20170214,ad604dbb7af2f40dedb2ebe4af684ee1b47b926f,11.69,1,ENRGZ MAX AA,GENERAL MERCHANDISE,BATTERIES/FLASHLIGHTS
20170214,608982b9fd705291b49e98834cd0d8e854ffa2a6,3.25,1,REFRESH HAWAAIAN AUTO WIPES,GENERAL MERCHANDISE,AUTOMOTIVE
20170214,ff9f1d354cdf9f934fa01785aa55da664c8d6abb,11.69,1,ENRGZ MAX AA,GENERAL MERCHANDISE,BATTERIES/FLASHLIGHTS
20170214,52ffc29bdf55031a5529883f64b2321f3c3a730d,11.49,1,ENRGZ MAX AA,GENERAL MERCHANDISE,BATTERIES/FLASHLIGHTS
20170214,758d4df06e075c58162ea5dc4195f0fc2909eb8e,11.69,1,ENRGZ MAX AAA,GENERAL MERCHANDISE,BATTERIES/FLASHLIGHTS
20170214,8748a1b16b2bebbdf50d1761e82815eeef215ddc,11.69,1,ENRGZ MAX AA,GENERAL MERCHANDISE,BATTERIES/FLASHLIGHTS
20170214,fc4effc9b47d591e6e2516ec73e69af72aa39c3f,11.69,1,ENRGZ MAX AAA,GENERAL MERCHANDISE,BATTERIES/FLASHLIGHTS
20170214,4a57ccdbbdd6911633debad040334e79ad49583d,6.49,1,ENER ECO ADVNC AA 4CT BATTERY,GENERAL MERCHANDISE,BATTERIES/FLASHLIGHTS
20170214,5ddabbe743bbb97b2e2b86ca02557113e32329cc,6.49,1,ENER ECO ADVNC AA 4CT BATTERY,GENERAL MERCHANDISE,BATTERIES/FLASHLIGHTS
20170214,82086f63c33f178b80a613088d7d5ba8ab652eac,11.69,1,ENRGZ MAX AAA,GENERAL MERCHANDISE,BATTERIES/FLASHLIGHTS
20170214,82086f63c33f178b80a613088d7d5ba8ab652eac,11.69,1,ENRGZ MAX AA,GENERAL MERCHANDISE,BATTERIES/FLASHLIGHTS
20170214,599ebd024a1edc948ec21c1e6836672161f10a21,11.69,1,ENRGZ MAX AAA,GENERAL MERCHANDISE,BATTERIES/FLASHLIGHTS
20170214,91d1b46566de076e2a8bc3d4c1072f03fba57afc,11.69,1,ENRGZ MAX AAA,GENERAL MERCHANDISE,BATTERIES/FLASHLIGHTS
20170214,fe6707ff82e2a195e2786299aced529fe58a4ba5,8.49,1,ENRGZ MAX AAA E92MP-8,GENERAL MERCHANDISE,BATTERIES/FLASHLIGHTS
20170214,f6a6ddbdc9929f93884ce74c5ff33188533f0606,11.69,1,ENRGZ MAX AA,GENERAL MERCHANDISE,BATTERIES/FLASHLIGHTS
20170214,f0619c438f4471895b3b8d284d1f6fcab81fc57b,8.49,1,ENRGZ MAX AAA E92MP-8,GENERAL MERCHANDISE,BATTERIES/FLASHLIGHTS
20170214,3eb6405fee0e01d2d17e8c806f784cf913595df3,5.59,1,ENRGZ BATTERY AA,GENERAL MERCHANDISE,BATTERIES/FLASHLIGHTS
20170214,ad604dbb7af2f40dedb2ebe4af684ee1b47b926f,6.49,1,ENER ECO ADVNC AA 4CT BATTERY,GENERAL MERCHANDISE,BATTERIES/FLASHLIGHTS
20170214,e84e69188d0d55b121e6f09ded6431932127a0a8,11.69,1,ENRGZ MAX AAA,GENERAL MERCHANDISE,BATTERIES/FLASHLIGHTS
20170214,e84e69188d0d55b121e6f09ded6431932127a0a8,11.69,1,ENRGZ MAX AA,GENERAL MERCHANDISE,BATTERIES/FLASHLIGHTS
20170214,35dfd732bcb4dcd2cba09ed477d13cb3528b71e1,11.69,1,ENRGZ MAX AA,GENERAL MERCHANDISE,BATTERIES/FLASHLIGHTS
20170214,947b36edc5150f20368070e40b7c2819fa062566,11.69,1,ENRGZ MAX AA,GENERAL MERCHANDISE,BATTERIES/FLASHLIGHTS
20170214,852d833afff59789f9b1b65ae74bbe803914ee29,8.49,1,ENRGZ MAX AA E91MP-8,GENERAL MERCHANDISE,BATTERIES/FLASHLIGHTS
20170214,1dae1a66a9a539554c0147f009e2ade752078d,8.49,1,ENRGZ MAX AAA E92MP-8,GENERAL MERCHANDISE,BATTERIES/FLASHLIGHTS
20170214,94565573b34a7698f4bf1522014427bf29765af2,-6.37,-1,ENRGZ MAX AA E91MP-8,GENERAL MERCHANDISE,BATTERIES/FLASHLIGHTS
20170214,f0f59c2b026fa7efc80a2598e5106397f336ba99,8.49,1,ENRGZ MAX AA E91MP-8,GENERAL MERCHANDISE,BATTERIES/FLASHLIGHTS
20170214,38e48b1bbd0661b31cc94d5e0b24473cddcf0e2,8.49,1,ENRGZ MAX AA E91MP-8,GENERAL MERCHANDISE,BATTERIES/FLASHLIGHTS
20170214,be93b25bc1988049b8478b15a22d0a847d013a46,5.59,1,ENRGZ BATTERY AAA,GENERAL MERCHANDISE,BATTERIES/FLASHLIGHTS
20170214,a629878960d0cac33e9d84187cf1c253807b4df4,8.49,1,ENRGZ MAX AA E91MP-8,GENERAL MERCHANDISE,BATTERIES/FLASHLIGHTS
20170214,167888f562adf1876823990a00d3c09a4ea39597,12.49,1,ENRGZ PHO LITH 3V 123A,GENERAL MERCHANDISE,BATTERIES/FLASHLIGHTS
20170214,df6af7f3763d0930936eb1b0c78d1fe216c612ed,8.49,1,ENRGZ MAX AA E91MP-8,GENERAL MERCHANDISE,BATTERIES/FLASHLIGHTS
20170214,2c901d3b853b7de86f97492c4be1418bcb95ee29,5.59,1,ENRGZ BATTERY AAA,GENERAL MERCHANDISE,BATTERIES/FLASHLIGHTS
20170214,38642bdb5c115dd3ee4d73fe74e0ff273f1a3a10,11.69,1,ENRGZ MAX AA,GENERAL MERCHANDISE,BATTERIES/FLASHLIGHTS
20170214,e7e198c042d1cfc9353999b0353a43a62a2dc7a5,15.99,1,ENER ALK E90 2PK,GENERAL MERCHANDISE,BATTERIES/FLASHLIGHTS
20170214,90562e51fd084dd1cf468095f1a7e3821ee5e3ab,5.59,1,ENRGZ BATTERY AA,GENERAL MERCHANDISE,BATTERIES/FLASHLIGHTS
20170214,be93b25bc1988049b8478b15a22d0a847d013a46,5.59,1,ENRGZ BATTERY AAA,GENERAL MERCHANDISE,BATTERIES/FLASHLIGHTS
20170214,2798c321b79183fa899957e69239dff0c44f3272,5.59,1,ENRGZ BATTERY AAA,GENERAL MERCHANDISE,BATTERIES/FLASHLIGHTS
20170214,13632d256343e0e390093f9c5e9e9c8a87e46659,3.25,1,REFRESH HAWAAIAN AUTO WIPES,GENERAL MERCHANDISE,AUTOMOTIVE
20170214,e4eb4be3f6bf6200f2a6a2e9c3fa98ec1c973840,12.49,1,ENRGZ PHO LITH 3V 123A,GENERAL MERCHANDISE,BATTERIES/FLASHLIGHTS
20170214,d0e1da94e808a101c97aa41f07f26bb03e90b262,12.49,1,ENRGZ PHO LITH 3V 123A,GENERAL MERCHANDISE,BATTERIES/FLASHLIGHTS
20170214,835345a69b5399acb160ca584325acc199266438,5.59,1,ENRGZ BATTERY AAA,GENERAL MERCHANDISE,BATTERIES/FLASHLIGHTS
20170214,def2cd6adce183814faac64a444a38f7ae6b82a3,9.99,1,ENRGZ H/AID AZ312DP-8,GENERAL MERCHANDISE,BATTERIES/FLASHLIGHTS
20170214,5f3ebe57c5c7f2d015e883c7c345ada3fba0bc58,11.69,1,ENRGZ MAX AAA,GENERAL MERCHANDISE,BATTERIES/FLASHLIGHTS
20170214,852d833afff59789f9b1b65ae74bbe803914ee29,8.49,1,ENERGIZER ULT LITH 9V,GENERAL MERCHANDISE,BATTERIES/FLASHLIGHTS
20170214,37ea643c929bb17cdef2b58589a01200ab645de9,5.59,1,ENRGZ BATTERY AAA,GENERAL MERCHANDISE,BATTERIES/FLASHLIGHTS
20170214,a6e3033d3d4dd7af99bbb9617deee8684c90c4ef,5.59,1,ENRGZ BATTERY AA,GENERAL MERCHANDISE,BATTERIES/FLASHLIGHTS
20170214,90562e51fd084dd1cf468095f1a7e3821ee5e3ab,8.49,1,ENRGZ MAX AAA E92MP-8,GENERAL MERCHANDISE,BATTERIES/FLASHLIGHTS
20170214,90562e51fd084dd1cf468095f1a7e3821ee5e3ab,8.49,1,ENRGZ MAX AA E91MP-8,GENERAL MERCHANDISE,BATTERIES/FLASHLIGHTS
20170214,2fecdd08bb48901ea5a776e9cd0fa61746cb7f97,11.69,1,ENRGZ MAX AA,GENERAL MERCHANDISE,BATTERIES/FLASHLIGHTS
20170214,7ee202ebc719f0a9870364040f1e5caf7b31ae9d,11.69,1,ENRGZ MAX AA,GENERAL MERCHANDISE,BATTERIES/FLASHLIGHTS
20170214,d44ea84f3c91cbc34e2b81bef7dff6222633f36b,8.49,1,ENRGZ MAX AA E91MP-8,GENERAL MERCHANDISE,BATTERIES/FLASHLIGHTS
20170214,480ce87bb512007070b0f83d98d1ab33d93a9f,11.69,1,ENRGZ MAX AA,GENERAL MERCHANDISE,BATTERIES/FLASHLIGHTS
20170214,b4910b2c804a8dc67c59ea9e20de10e0b2031d12,11.69,1,ENRGZ MAX AAA,GENERAL MERCHANDISE,BATTERIES/FLASHLIGHTS
20170214,b4910b2c804a8dc67c59ea9e20de10e0b2031d12,8.49,1,ENERGIZER ULT LITH 9V,GENERAL MERCHANDISE,BATTERIES/FLASHLIGHTS
20170214,d2e7081e1654839a9b70234ede0ff227e919fd2b,8.49,1,ENRGZ MAX AA E91MP-8,GENERAL MERCHANDISE,BATTERIES/FLASHLIGHTS
20170214,aa1650a8dd860b66477b9d79a7db6620b6d590e1,11.69,1,ENRGZ MAX AA,GENERAL MERCHANDISE,BATTERIES/FLASHLIGHTS
20170214,456b867dc34ee390d63684638b490897821f0eed,-3.69,-1,RYC VENT WICK SUMMER BREEZE,GENERAL MERCHANDISE,AUTOMOTIVE
20170214,1b4d67625d18552451e9294b1d9a0d28be094efe,15.99,1,ENER ALK E90 2PK,GENERAL MERCHANDISE,BATTERIES/FLASHLIGHTS
20170214,e69b7d177db048b75aaa366829e8f237f194d937,11.69,1,ENRGZ MAX AA,GENERAL MERCHANDISE,BATTERIES/FLASHLIGHTS
20170214,e4f8b5f7a3ff95c444731f8b6bbdf3a29a17925e,8.49,1,ENERGIZER ULT LITH 9V,GENERAL MERCHANDISE,BATTERIES/FLASHLIGHTS
20170214,6afa018e0b1c424ee28370471c937ac0d7002143,5.59,1,ENRGZ BATTERY AAA,GENERAL MERCHANDISE,BATTERIES/FLASHLIGHTS
20170214,1f6cd2710181a662111a65b9dfcfae07e71ff76b,5.59,1,ENRGZ BATTERY AAA,GENERAL MERCHANDISE,BATTERIES/FLASHLIGHTS
20170214,5a88d4ba2b08ba56f03ce50fc15dfb995ba86ef4,14.99,1,ENERGIZER ULT LITH 9V,GENERAL MERCHANDISE,BATTERIES/FLASHLIGHTS
20170214,39efb3afa570606e6cbe571633cac8531fcf4f6b,11.69,1,ENRGZ MAX AA,GENERAL MERCHANDISE,BATTERIES/FLASHLIGHTS
20170214,f85d3bf1577bbda19da9caa8ab8653bef6042d9,5.59,1,ENRGZ BATTERY AA,GENERAL MERCHANDISE,BATTERIES/FLASHLIGHTS
20170214,4eeb4b46e0028db113b32703df35e05e9242b65c,5.59,1,ENRGZ BATTERY AA,GENERAL MERCHANDISE,BATTERIES/FLASHLIGHTS
20170214,167888f562adf1876823990a00d3c09a4ea39597,3.25,1,REFRESH HAWAAIAN AUTO WIPES,GENERAL MERCHANDISE,AUTOMOTIVE
20170214,5e1668f9237f70f2cc58e1275c03035cc14d5f3b,3.25,1,REFRESH HAWAAIAN AUTO WIPES,GENERAL MERCHANDISE,AUTOMOTIVE
20170214,816979db7e286cfdd74a453625ea130e8fafe6df,5.59,1,ENRGZ BATTERY AAA,GENERAL MERCHANDISE,BATTERIES/FLASHLIGHTS
20170214,527fc9214bde289920898194820176358126b7ef,11.69,1,ENRGZ MAX AAA,GENERAL MERCHANDISE,BATTERIES/FLASHLIGHTS
20170214,231ffad690bd3aa5f2c81f303e9c2adda57dba2a,-7.99,-1,ENRGZ MAX D E95BP-4,GENERAL MERCHANDISE,BATTERIES/FLASHLIGHTS
20170214,171113fc7cdc07ec26275a035b2b79089e050a5,8.49,2,ENRGZ MAX AA E91MP-8,GENERAL MERCHANDISE,BATTERIES/FLASHLIGHTS
20170214,983afeca29e8f2efd4ce4563d0c66c4829a15ec5,8.49,1,ENRGZ MAX AAA E92MP-8,GENERAL MERCHANDISE,BATTERIES/FLASHLIGHTS
20170214,94565573b34a7698f4bf1522014427bf29765af2,8.49,1,ENRGZ MAX AA E91MP-8,GENERAL MERCHANDISE,BATTERIES/FLASHLIGHTS
20170214,3d11eeba941d06bab9fabfb45cbe83ad77dc99a4,11.69,1,ENRGZ MAX AAA,GENERAL MERCHANDISE,BATTERIES/FLASHLIGHTS
20170214,3c128283d57b776a939e6f9f6689dc0fba75ee,-2.99,-1,ENRGZ 3V WTCH LITH 2025,GENERAL MERCHANDISE,BATTERIES/FLASHLIGHTS
20170214,3c128283d57b776a939e6f9f6689dc0fba75ee,-2.99,-1,ENRGZ 3V WTCH LITH 2016,GENERAL MERCHANDISE,BATTERIES/FLASHLIGHTS
20170214,1d1506fca01a0ae4270a1bd0462542722e35e6ea,9.99,1,ENRGZ H/AID AZ312DP-8,GENERAL MERCHANDISE,BATTERIES/FLASHLIGHTS
20170214,afc8d1fb03f131c7c69a7844b819b09605879f50,3.25,1,REFRESH HAWAAIAN AUTO WIPES,GENERAL MERCHANDISE,AUTOMOTIVE
20170214,a33ecf98950473a08bccc59592d8c00ca1ecf14e,3.25,1,REFRESH HAWAAIAN AUTO WIPES,GENERAL MERCHANDISE,AUTOMOTIVE
20170214,2bcd20595e2d3fbb276f01297266417f715303a8,3.25,1,REFRESH HAWAAIAN AUTO WIPES,GENERAL MERCHANDISE,AUTOMOTIVE
20170214,df3ccef2491ce3c7fdfaa948d92333a427bf76ad,3.25,1,REFRESH HAWAAIAN AUTO WIPES,GENERAL MERCHANDISE,AUTOMOTIVE
20170214,95a2cd7664b3724e8e4869feffef244919e1489e,8.49,1,ENERGIZER ULT LITH 9V,GENERAL MERCHANDISE,BATTERIES/FLASHLIGHTS
20170214,40a1c6e3ecac5354f9054012428d0c86995ec8c7,8.49,1,ENRGZ MAX AAA E92MP-8,GENERAL MERCHANDISE,BATTERIES/FLASHLIGHTS
20170214,805cf446b4706b451b21772059eb289d6c814a26,5.59,1,ENRGZ BATTERY AAA,GENERAL MERCHANDISE,BATTERIES/FLASHLIGHTS
20170214,532539fe6bd862594b77be5d44510827ae069419,11.69,1,ENRGZ MAX AA,GENERAL MERCHANDISE,BATTERIES/FLASHLIGHTS
20170214,b023db59a15e001a8e2172c254f891a2ba34c7ff,11.69,1,ENRGZ MAX AA,GENERAL MERCHANDISE,BATTERIES/FLASHLIGHTS
20170214,57d13bb2b79a507dfeeb9d73ba1f578c06252a0c,5.59,1,ENRGZ BATTERY AA,GENERAL MERCHANDISE,BATTERIES/FLASHLIGHTS
20170214,1dae1a66a9a539554c0147f009e2ade752078d,8.49,1,ENRGZ MAX AAA E92MP-8,GENERAL MERCHANDISE,BATTERIES/FLASHLIGHTS
20170214,183762c5467a1629eda4649ff25378cc18662084,15.99,1,ENER ALK E90 2PK,GENERAL MERCHANDISE,BATTERIES/FLASHLIGHTS
20170214,8a4f86fb5024dda9891bd8be0c70146239c1c950,8.49,1,ENRGZ MAX AAA E92MP-8,GENERAL MERCHANDISE,BATTERIES/FLASHLIGHTS
20170214,4fc632fee336b3131f9006126114da7918e043a8,5.59,1,ENRGZ BATTERY AAA,GENERAL MERCHANDISE,BATTERIES/FLASHLIGHTS
20170214,72af25995e56b24ef9edab0ea633a7f41e0e2ad,8.49,1,ENRGZ MAX AA E91MP-8,GENERAL MERCHANDISE,BATTERIES/FLASHLIGHTS
20170214,ba28575d5142be6c6825da76ba957898d63bd2bf,5.59,1,ENRGZ BATTERY AA,GENERAL MERCHANDISE,BATTERIES/FLASHLIGHTS
20170214,a70c975d9c2fce8c66a7294b3c118a1bb2a01236,11.69,1,ENRGZ MAX AAA,GENERAL MERCHANDISE,BATTERIES/FLASHLIGHTS
20170214,3df4bc23f8dee4d6e0230870b9a1b49921ec0397,8.49,1,ENRGZ MAX AA E91MP-8,GENERAL MERCHANDISE,BATTERIES/FLASHLIGHTS
20170214,7c2b7e61e1b15f2850af6b078214844b881cec6,8.49,1,ENRGZ MAX AA E91MP-8,GENERAL MERCHANDISE,BATTERIES/FLASHLIGHTS
20170214,7c2b7e61e1b15f2850af6b078214844b881cec6,8.49,1,ENRGZ MAX AAA E92MP-8,GENERAL MERCHANDISE,BATTERIES/FLASHLIGHTS
20170214,ed4617e3e5aa12b8e40ea184e17a9bb411c1a341,5.59,1,ENRGZ BATTERY AAA,GENERAL MERCHANDISE,BATTERIES/FLASHLIGHTS
20170214,aaf41457ff3e5755fc65e9dc07c66d84aaac778d,-7.99,-1,ENRGZ MAX 9V 522BP-2,GENERAL MERCHANDISE,BATTERIES/FLASHLIGHTS
20170214,f6a6ddbdc9929f93884ce74c5ff33188533f0606,8.49,1,ENRGZ MAX AAA E92MP-8,GENERAL MERCHANDISE,BATTERIES/FLASHLIGHTS
20170214,be198f5d4e88786298cbae54402c8aa060612e7,8.49,1,ENRGZ MAX AA E91MP-8,GENERAL MERCHANDISE,BATTERIES/FLASHLIGHTS
20170214,8c82be9d1cf7ff3a64a456d3203a6d66b267483c,8.49,1,ENRGZ MAX AAA E92MP-8,GENERAL MERCHANDISE,BATTERIES/FLASHLIGHTS
20170214,2fa5606da53e5b936b7323343cc60133b753d74c,8.49,1,ENRGZ MAX AAA E92MP-8,GENERAL MERCHANDISE,BATTERIES/FLASHLIGHTS
20170214,527fc9214bde289920898194820176358126b7ef,8.49,1,ENRGZ MAX AA E91MP-8,GENERAL MERCHANDISE,BATTERIES/FLASHLIGHTS
20170214,d23e6707d14f3075ad56245601a4eae33a57c328,11.69,1,ENRGZ MAX AA,GENERAL MERCHANDISE,BATTERIES/FLASHLIGHTS
20170214,95a2cd7664b3724e8e4869feffef244919e1489e,8.49,1,ENRGZ MAX AA E91MP-8,GENERAL MERCHANDISE,BATTERIES/FLASHLIGHTS
20170214,5f805232d054dad4ccedd1342ab6b616fd0bfd5,5.59,1,ENRGZ BATTERY AA,GENERAL MERCHANDISE,BATTERIES/FLASHLIGHTS
20170214,7a09e5054fc4f1cf0b1e8c1c9097a37b7bc56ed7,5.59,1,ENRGZ BATTERY AAA,GENERAL MERCHANDISE,BATTERIES/FLASHLIGHTS
20170214,e9fca9ceef4bf925e8cc3513f403571a2dda456b,9.99,1,ENRGZ H/AID AZ312DP-8,GENERAL MERCHANDISE,BATTERIES/FLASHLIGHTS
20170214,1503cba4f8f342727f206459059d1c80062e3d8a,15.99,1,ENER ALK E90 2PK,GENERAL MERCHANDISE,BATTERIES/FLASHLIGHTS
20170214,c2312319c183308668d43e1b78be9dcd6609038a,11.69,1,ENRGZ MAX AAA,GENERAL MERCHANDISE,BATTERIES/FLASHLIGHTS
20170214,52d1bacd7f6407967a6f8a9625bce552377fce2,8.49,1,ENRGZ MAX AAA E92MP-8,GENERAL MERCHANDISE,BATTERIES/FLASHLIGHTS
20170214,ea6e96a66e9b385e1e0a4c9dbd60d23cae1e151d,9.99,1,ENRGZ H/AID AZ312DP-8,GENERAL MERCHANDISE,BATTERIES/FLASHLIGHTS
20170214,4927b45fe1ffda3bef90236ce61614eaaf41b733,8.49,1,ENRGZ MAX AAA E92MP-8,GENERAL MERCHANDISE,BATTERIES/FLASHLIGHTS
20170214,4927b45fe1ffda3bef90236ce61614eaaf41b733,8.49,1,ENRGZ MAX AA E91MP-8,GENERAL MERCHANDISE,BATTERIES/FLASHLIGHTS
20170214,12d68cc579347c2fe2e06ed0d3b98df3c979f3c1,5.59,1,ENRGZ BATTERY AAA,GENERAL MERCHANDISE,BATTERIES/FLASHLIGHTS
20170214,a853fb97c82d1bf0e87412dc905b835eff1e1c3d,9.99,1,ENRGZ H/AID AZ312DP-8,GENERAL MERCHANDISE,BATTERIES/FLASHLIGHTS
20170214,d501be25ba8459b90d2c3d8a8312ccc046abc55b,5.59,1,ENRGZ BATTERY AAA,GENERAL MERCHANDISE,BATTERIES/FLASHLIGHTS
20170214,6975ff1011727e389f9bbbd07267e3f37580e6b2,8.49,1,ENRGZ MAX AA E91MP-8,GENERAL MERCHANDISE,BATTERIES/FLASHLIGHTS
20170214,d09330f5207023a8244e4a79ec2e3e2f08cabd8f,8.49,1,ENRGZ MAX AA E91MP-8,GENERAL MERCHANDISE,BATTERIES/FLASHLIGHTS
20170214,c4dcfb9d480e89d1f62c2fd1ce19f8d4d688b6c,8.49,1,ENRGZ MAX AA E91MP-8,GENERAL MERCHANDISE,BATTERIES/FLASHLIGHTS
20170214,12a0f0c065d90dda99a6556004423c340a1b5d0,5.59,1,ENRGZ BATTERY AAA,GENERAL MERCHANDISE,BATTERIES/FLASHLIGHTS
20170214,456b867dc34ee390d63684638b490897821f0eed,14.99,1,ENERGIZER ULT LITH 9V,GENERAL MERCHANDISE,BATTERIES/FLASHLIGHTS
20170214,637e198639fb9761d29a061e874f2adb2bde983,8.49,1,ENERGIZER ULT LITH 9V,GENERAL MERCHANDISE,BATTERIES/FLASHLIGHTS
20170214,ea6e96a66e9b385e1e0a4c9dbd60d23cae1e151d,3.25,1,REFRESH HAWAAIAN AUTO WIPES,GENERAL MERCHANDISE,AUTOMOTIVE
20170214,7967b56ab36b84c5cbb1085dd3604c3647ea6abc,9.99,1,ENRGZ H/AID AZ312DP-8,GENERAL MERCHANDISE,BATTERIES/FLASHLIGHTS
20170214,3df4bc23f8dee4d6e0230870b9a1b49921ec0397,5.59,1,ENRGZ BATTERY AA,GENERAL MERCHANDISE,BATTERIES/FLASHLIGHTS
20170214,6563b83988cf1b45c3243fcdfe257edb982dc932,-4.19,-1,ENRGZ BATTERY AAA,GENERAL MERCHANDISE,BATTERIES/FLASHLIGHTS
20170214,a2a688d572930217b97c142d61b6fdf33193037a,11.69,1,ENRGZ MAX AA,GENERAL MERCHANDISE,BATTERIES/FLASHLIGHTS
20170214,ca4353be943e63d2d5e039232cae18d8d414879c,8.49,1,ENRGZ MAX AAA E92MP-8,GENERAL MERCHANDISE,BATTERIES/FLASHLIGHTS
20170214,4740a5089356cfff085f51428f60b3e0a89c1b2c,5.59,1,ENRGZ BATTERY AA,GENERAL MERCHANDISE,BATTERIES/FLASHLIGHTS
20170214,ad259641ae1483b540ac591c1d3798a4effe4561,15.99,1,ENER ALK E90 2PK,GENERAL MERCHANDISE,BATTERIES/FLASHLIGHTS
20170214,eb3a10b7a03a31121842f4cf8d160c22c994d404,9.99,1,ENRGZ H/AID AZ312DP-8,GENERAL MERCHANDISE,BATTERIES/FLASHLIGHTS
20170214,e2b15babea898682147c2c3b2e413c18ce929d06,5.59,1,ENRGZ BATTERY AAA,GENERAL MERCHANDISE,BATTERIES/FLASHLIGHTS
20170214,7cf023b7965c61bc8f7716f316b50fd2cb155710,8.49,1,ENRGZ MAX AA E91MP-8,GENERAL MERCHANDISE,BATTERIES/FLASHLIGHTS
20170214,1cca1a033df69da30c7f832909cf8cc3e8e57a58,9.99,2,ENRGZ H/AID AZ312DP-8,GENERAL MERCHANDISE,BATTERIES/FLASHLIGHTS
20170214,57d13bb2b79a507dfeeb9d73ba1f578c06252a0c,5.59,1,ENRGZ BATTERY AAA,GENERAL MERCHANDISE,BATTERIES/FLASHLIGHTS
20170214,5e1668f9237f70f2cc58e1275c03035cc14d5f3b,12.49,1,ENRGZ PHO LITH 3V 123A,GENERAL MERCHANDISE,BATTERIES/FLASHLIGHTS
20170214,1b4d67625d18552451e9294b1d9a0d28be094efe,9.99,1,ENRGZ H/AID AZ312DP-8,GENERAL MERCHANDISE,BATTERIES/FLASHLIGHTS
20170214,e98957dec6ceea49cc86ea0dc2d88e14803a4f3d,8.49,1,ENRGZ MAX AAA E92MP-8,GENERAL MERCHANDISE,BATTERIES/FLASHLIGHTS
20170214,8d9d5094acfe511eec66e7b26c7e6382d5e9f872,5.59,1,ENRGZ BATTERY AA,GENERAL MERCHANDISE,BATTERIES/FLASHLIGHTS
20170214,866860d92ee026cb57bd6109d36d922d808e2ec4,8.49,1,ENRGZ MAX AA E91MP-8,GENERAL MERCHANDISE,BATTERIES/FLASHLIGHTS
20170214,2c901d3b853b7de86f97492c4be1418bcb95ee29,5.59,1,ENRGZ BATTERY AA,GENERAL MERCHANDISE,BATTERIES/FLASHLIGHTS
20170214,95a2cd7664b3724e8e4869feffef244919e1489e,6.49,1,ENER ECO ADVNC AA 4CT BATTERY,GENERAL MERCHANDISE,BATTERIES/FLASHLIGHTS
20170214,9ffe7a6328b91049bc48f06c3a073ebb6f07366e,5.59,1,ENRGZ BATTERY AAA,GENERAL MERCHANDISE,BATTERIES/FLASHLIGHTS
20170214,6e10a1160abcbfb53558a98920df2ca5498f138,8.49,1,ENRGZ MAX AAA E92MP-8,GENERAL MERCHANDISE,BATTERIES/FLASHLIGHTS
20170214,5c90cde36e8a5164e29ee35fbaccc9e2eda75fc8,11.69,1,ENRGZ MAX AA,GENERAL MERCHANDISE,BATTERIES/FLASHLIGHTS
20170214,6781564762d0a69a7839a310e6ef23317ec39e80,5.59,1,ENRGZ BATTERY AA,GENERAL MERCHANDISE,BATTERIES/FLASHLIGHTS
20170214,1f34795828ed059043f0938b972d7f38ddbb462d,9.99,1,ENRGZ H/AID AZ13DP-8,GENERAL MERCHANDISE,BATTERIES/FLASHLIGHTS
20170214,8df1252c8abdb2b02d9f68f7d806b715a3cc4dd,8.49,1,ENRGZ MAX AA E91MP-8,GENERAL MERCHANDISE,BATTERIES/FLASHLIGHTS
20170214,3eb6405fee0e01d2d17e8c806f784cf913595df3,9.99,1,ENRGZ H/AID AZ10DP-8,GENERAL MERCHANDISE,BATTERIES/FLASHLIGHTS
20170214,527fc9214bde289920898194820176358126b7ef,9.99,1,ENRGZ H/AID AZ13DP-8,GENERAL MERCHANDISE,BATTERIES/FLASHLIGHTS
20170214,1b4d67625d18552451e9294b1d9a0d28be094efe,11.69,1,ENRGZ MAX AA,GENERAL MERCHANDISE,BATTERIES/FLASHLIGHTS
20170214,12d68cc579347c2fe2e06ed0d3b98df3c979f3c1,8.49,1,ENRGZ MAX AA E91MP-8,GENERAL MERCHANDISE,BATTERIES/FLASHLIGHTS
20170214,72adbec07ca943ef78c18c011a0c9dbf91da94c7,5.59,1,ENRGZ BATTERY AAA,GENERAL MERCHANDISE,BATTERIES/FLASHLIGHTS
20170214,5e1668f9237f70f2cc58e1275c03035cc14d5f3b,9.99,2,ENRGZ H/AID AZ312DP-8,GENERAL MERCHANDISE,BATTERIES/FLASHLIGHTS
20170214,6748e5ab5fa5fb25b93918d70c742b272f0de35,11.69,1,ENRGZ MAX AA,GENERAL MERCHANDISE,BATTERIES/FLASHLIGHTS
20170214,5b5faf80039bf57e9de2abece52fd10eb14754da,8.49,1,ENRGZ MAX AA E91MP-8,GENERAL MERCHANDISE,BATTERIES/FLASHLIGHTS
20170214,34805dac698940df607d3ddb523818240c1578,12.49,1,ENRGZ PHO LITH 3V 123A,GENERAL MERCHANDISE,BATTERIES/FLASHLIGHTS
20170214,5e1668f9237f70f2cc58e1275c03035cc14d5f3b,8.49,1,ENRGZ MAX AAA E92MP-8,GENERAL MERCHANDISE,BATTERIES/FLASHLIGHTS
20170214,797fb3835359a03a8fbfb6bea641dd194382abdc,8.49,1,ENRGZ MAX AAA E92MP-8,GENERAL MERCHANDISE,BATTERIES/FLASHLIGHTS
20170214,6fc459120ccad5dd0abf956a3c0bb2e43bd4fc4,8.49,1,ENRGZ MAX AA E91MP-8,GENERAL MERCHANDISE,BATTERIES/FLASHLIGHTS
20170214,cf119157415303966cc0c770d965273719c42a34,8.49,1,ENERGIZER ULT LITH 9V,GENERAL MERCHANDISE,BATTERIES/FLASHLIGHTS
20170214,8ed0e7b1ebe62d81491b1a4785222a558bc0c3c1,5.59,1,ENRGZ BATTERY AA,GENERAL MERCHANDISE,BATTERIES/FLASHLIGHTS
20170214,2bcd20595e2d3fbb276f01297266417f715303a8,5.59,1,ENRGZ BATTERY AAA,GENERAL MERCHANDISE,BATTERIES/FLASHLIGHTS
20170214,611128ffa8e22fcc24e972d775de9d721f3b8f52,8.49,1,ENRGZ MAX AA E91MP-8,GENERAL MERCHANDISE,BATTERIES/FLASHLIGHTS
20170214,1f6cd2710181a662111a65b9dfcfae07e71ff76b,8.49,1,ENRGZ MAX AAA E92MP-8,GENERAL MERCHANDISE,BATTERIES/FLASHLIGHTS
20170214,3c128283d57b776a939e6f9f6689dc0fba75ee,5.59,1,ENRGZ BATTERY AA,GENERAL MERCHANDISE,BATTERIES/FLASHLIGHTS
20170214,ab536796973d6751e85e5e0f8401138fe7f7128e,11.69,1,ENRGZ MAX AAA,GENERAL MERCHANDISE,BATTERIES/FLASHLIGHTS
20170214,5e1668f9237f70f2cc58e1275c03035cc14d5f3b,11.69,1,ENRGZ MAX AA,GENERAL MERCHANDISE,BATTERIES/FLASHLIGHTS
20170214,8268782eb88a3cfa0c30ee363618ced48e2d428e,9.99,1,ENRGZ H/AID AZ13DP-8,GENERAL MERCHANDISE,BATTERIES/FLASHLIGHTS
20170214,64bc2e0fa55878a7e271ee4215ab7ae62e565169,11.69,1,ENRGZ MAX AAA,GENERAL MERCHANDISE,BATTERIES/FLASHLIGHTS
20170214,ab536796973d6751e85e5e0f8401138fe7f7128e,9.99,1,ENRGZ H/AID AZ312DP-8,GENERAL MERCHANDISE,BATTERIES/FLASHLIGHTS
20170214,95a2cd7664b3724e8e4869feffef244919e1489e,11.69,1,ENRGZ MAX AA,GENERAL MERCHANDISE,BATTERIES/FLASHLIGHTS
20170214,940e0e12d8a5bff377d7864f35ae53cb6127a502,8.49,1,ENER ECO ADVNC AA 4CT BATTERY,GENERAL MERCHANDISE,BATTERIES/FLASHLIGHTS
20170214,3c128283d57b776a939e6f9f6689dc0fba75ee,9.99,1,ENRGZ H/AID AZ312DP-8,GENERAL MERCHANDISE,BATTERIES/FLASHLIGHTS
20170214,95a2cd7664b3724e8e4869feffef244919e1489e,12.49,1,ENRGZ PHO LITH 3V 123A,GENERAL MERCHANDISE,BATTERIES/FLASHLIGHTS
20170214,4bfa9607a581484eafd42923449d9c2cf132b97b,8.49,1,ENRGZ MAX AA E91MP-8,GENERAL MERCHANDISE,BATTERIES/FLASHLIGHTS
20170214,7e4694e49d446135dadab795c43a21480fabca79,8.49,1,ENRGZ MAX AAA E92MP-8,GENERAL MERCHANDISE,BATTERIES/FLASHLIGHTS
20170214,144462f20162cdc1d10597ad816a220d66e285cc,5.59,1,ENRGZ BATTERY AAA,GENERAL MERCHANDISE,BATTERIES/FLASHLIGHTS
20170214,a2a688d572930217b97c142d61b6fdf33193037a,15.99,1,ENER ALK E90 2PK,GENERAL MERCHANDISE,BATTERIES/FLASHLIGHTS
20170214,144462f20162cdc1d10597ad816a220d66e285cc,5.59,1,ENRGZ BATTERY AA,GENERAL MERCHANDISE,BATTERIES/FLASHLIGHTS
20170214,10c63e23a4e6c2c9c5ceb8ce0d8090c30ab6775c,11.69,1,ENRGZ MAX AAA,GENERAL MERCHANDISE,BATTERIES/FLASHLIGHTS
20170214,dccb087fd1e5739aa9b631ad0947b38bc37e0727,11.69,1,ENRGZ MAX AAA,GENERAL MERCHANDISE,BATTERIES/FLASHLIGHTS
20170214,9ad6d7bc7ceb1032cfcde66b64cb1d9389fdbf67,8.49,1,ENRGZ MAX AAA E92MP-8,GENERAL MERCHANDISE,BATTERIES/FLASHLIGHTS
20170214,9a5674318999225ca4cdcf99041024a7e43d4601,5.59,1,ENRGZ BATTERY AA,GENERAL MERCHANDISE,BATTERIES/FLASHLIGHTS
20170214,162041785739d0b9757500ef838649ba6e540b4,8.49,1,ENRGZ MAX AA E91MP-8,GENERAL MERCHANDISE,BATTERIES/FLASHLIGHTS
20170214,d2bfcecc63927e3be1a2cc54415ab8cd69d3f34d,8.49,1,ENRGZ MAX AAA E92MP-8,GENERAL MERCHANDISE,BATTERIES/FLASHLIGHTS
20170214,8d01560c5a3fec48053851d39721cffdddfc2154,11.69,1,ENRGZ MAX AAA,GENERAL MERCHANDISE,BATTERIES/FLASHLIGHTS
20170214,aaf41457ff3e5755fc65e9dc07c66d84aaac778d,8.49,1,ENRGZ MAX AA E91MP-8,GENERAL MERCHANDISE,BATTERIES/FLASHLIGHTS
20170214,be46f9d44ef05893da50a9c6638635799808df71,8.49,1,ENRGZ MAX AAA E92MP-8,GENERAL MERCHANDISE,BATTERIES/FLASHLIGHTS
20170214,6e29f176ab5090a16f5aa24a2f9cf2effaa0d9a2,8.49,1,ENRGZ MAX AA E91MP-8,GENERAL MERCHANDISE,BATTERIES/FLASHLIGHTS
20170214,f85d3bf1577bbda19da9caa8ab8653bef6042d9,8.49,1,ENRGZ MAX AAA E92MP-8,GENERAL MERCHANDISE,BATTERIES/FLASHLIGHTS
20170214,e3f570224587c58237a0d18621809c3cf3446823,5.59,1,ENRGZ BATTERY AAA,GENERAL MERCHANDISE,BATTERIES/FLASHLIGHTS
20170214,970d729072eab8b44434d0b50f90fa5793ae6f63,8.49,1,ENRGZ MAX AA E91MP-8,GENERAL MERCHANDISE,BATTERIES/FLASHLIGHTS
20170214,aa3c58442a33434828b89e05f55984b5c7cc3628,11.53,1,ENRGZ PHO LITH 3V 123A,GENERAL MERCHANDISE,BATTERIES/FLASHLIGHTS
20170214,9f0aba11db1d4e06a0e835514812856504c0bf11,11.53,1,ENRGZ PHO LITH 3V 123A,GENERAL MERCHANDISE,BATTERIES/FLASHLIGHTS
20170214,33a2778a4986073ab4fb0fdbe33257d13bb00987,14.99,1,ENGZR VALUE CHARGER,GENERAL MERCHANDISE,BATTERIES/FLASHLIGHTS
20170214,52b0c0aaed3c5b03662bb6ab94efb420b4d5569b,5.97,1,ENRGZ 8X ULT LITHIUM-AA,GENERAL MERCHANDISE,BATTERIES/FLASHLIGHTS
20170214,52b0c0aaed3c5b03662bb6ab94efb420b4d5569b,5.97,1,ENRGZ 8X ULT LITHIUM-AA,GENERAL MERCHANDISE,BATTERIES/FLASHLIGHTS
20170214,d944eb62247bae1dadd201726a1d2dd2821a50d,12.58,1,ENRGZ 6V LANTERN BAT,GENERAL MERCHANDISE,BATTERIES/FLASHLIGHTS
20170214,a960c765240f759248c6597143e431c8c795ae68,13.99,1,ENRGZ MAX AA,GENERAL MERCHANDISE,BATTERIES/FLASHLIGHTS
20170214,13c5115f51d9ddd673e1566df7cbfd2316e9177b,13.99,1,ENRGZ MAX AA,GENERAL MERCHANDISE,BATTERIES/FLASHLIGHTS
20170214,e59d51b92488b62166b3e3fb0a61331a05b398e4,13.99,1,ENRGZ MAX AA,GENERAL MERCHANDISE,BATTERIES/FLASHLIGHTS
20170214,a7e290c1124de0b872b249d69a5755c918a6c63c,12.49,1,ENRGZ MAX AA,GENERAL MERCHANDISE,BATTERIES/FLASHLIGHTS
20170214,f053f2cb94a892a3ea2ee2af4b416f3090ab97c1,12.49,1,ENRGZ MAX AA,GENERAL MERCHANDISE,BATTERIES/FLASHLIGHTS
20170214,5152d5f486102b5febb9500d2b12c8bf1b0dc10d,13.99,1,ENRGZ MAX AA,GENERAL MERCHANDISE,BATTERIES/FLASHLIGHTS
20170214,afcc1d8a7c4d5758926f1100ff260291bc20a45e,13.99,1,ENRGZ MAX AA,GENERAL MERCHANDISE,BATTERIES/FLASHLIGHTS
20170214,a7e290c1124de0b872b249d69a5755c918a6c63c,12.49,1,ENRGZ MAX AA,GENERAL MERCHANDISE,BATTERIES/FLASHLIGHTS
20170214,649067fc0151051723235626b08b8408f8aab77e,9.97,1,ENRGZ MAX AA,GENERAL MERCHANDISE,BATTERIES/FLASHLIGHTS
20170214,649067fc0151051723235626b08b8408f8aab77e,9.97,1,ENRGZ MAX AA,GENERAL MERCHANDISE,BATTERIES/FLASHLIGHTS
20170214,ca00b01314f3b0be2973f3e0f2cf5a3d7b9c263f,13.99,1,ENRGZ MAX AA,GENERAL MERCHANDISE,BATTERIES/FLASHLIGHTS
20170214,33a2778a4986073ab4fb0fdbe33257d13bb00987,7.49,1,ENER ECO ADVNC AA 4CT BATTERY,GENERAL MERCHANDISE,BATTERIES/FLASHLIGHTS
20170214,2b6e4aa8a89084ada89c4866c7379128128c7b2,7.49,1,ENER ECO ADVNC AA 4CT BATTERY,GENERAL MERCHANDISE,BATTERIES/FLASHLIGHTS
20170214,2b6e4aa8a89084ada89c4866c7379128128c7b2,7.49,1,ENER ECO ADVNC AA 4CT BATTERY,GENERAL MERCHANDISE,BATTERIES/FLASHLIGHTS
20170214,eca1692090f0ceeed99f0b54db9ca6b40b1ad74d,3.87,1,ENRGZ 3V CALC BAT 2450,GENERAL MERCHANDISE,BATTERIES/FLASHLIGHTS
20170214,d23cc2d03040578a6ae49ef82287366e913be567,3.87,1,ENRGZ 3V CALC BAT 2450,GENERAL MERCHANDISE,BATTERIES/FLASHLIGHTS
20170214,eca1692090f0ceeed99f0b54db9ca6b40b1ad74d,3.87,1,ENRGZ 3V CALC BAT 2450,GENERAL MERCHANDISE,BATTERIES/FLASHLIGHTS
20170214,dec2afef404a903e1fe26332578c7ce6b613781f,14.99,1,ENGZR ZINC AIR AZ13DP,GENERAL MERCHANDISE,BATTERIES/FLASHLIGHTS
20170214,b6970da6b49e6c54a0df0421d9291fb46195d5b8,14.99,1,ENGZR ZINC AIR AZ13DP,GENERAL MERCHANDISE,BATTERIES/FLASHLIGHTS
20170214,44b255686f4b4efb4de86acd976d543d16a21c1e,2.39,1,ENRGZ WATCH 392 NO MERC,GENERAL MERCHANDISE,BATTERIES/FLASHLIGHTS
20170214,690ca6ab0061966d75984f96618786ebd20275ab,10.47,1,ENRGZ H/AID AZ13DP-8,GENERAL MERCHANDISE,BATTERIES/FLASHLIGHTS
20170214,690ca6ab0061966d75984f96618786ebd20275ab,10.47,1,ENRGZ H/AID AZ13DP-8,GENERAL MERCHANDISE,BATTERIES/FLASHLIGHTS
20170214,5340f18e53dd3927d8bdf2e78bba52e1292943d8,14.99,1,ENGZR ZINC AIR AZ312DP,GENERAL MERCHANDISE,BATTERIES/FLASHLIGHTS
20170214,2a096c31f7d2a81594299661e3519eab88003aab,14.89,1,ENGZR ZINC AIR AZ312DP,GENERAL MERCHANDISE,BATTERIES/FLASHLIGHTS
20170214,19af7a5c7d31943108f2c7cf245fc74d0b92d7c4,2.48,1,ENER ALK E90 2PK,GENERAL MERCHANDISE,BATTERIES/FLASHLIGHTS
20170214,55a4a0bd5e824b636518b92e1905a7f3f427c877,10.99,1,ENER ALK E90 2PK,GENERAL MERCHANDISE,BATTERIES/FLASHLIGHTS
20170214,1e66f7af4de1843e90255379f2ba3b6ca55f0c18,10.99,1,ENER ALK E90 2PK,GENERAL MERCHANDISE,BATTERIES/FLASHLIGHTS
20170214,cd6764aece4d71410f4d9372d65fbbbf546148e8,10.99,1,ENER ALK E90 2PK,GENERAL MERCHANDISE,BATTERIES/FLASHLIGHTS
20170214,967607c6d1aac9752be35d1548c36b8bf82e6b47,10.99,1,ENER ALK E90 2PK,GENERAL MERCHANDISE,BATTERIES/FLASHLIGHTS
20170214,213191e78e9696eb51afa5e791674de9da9ca646,12.49,1,ENRGZ RECHARGE 4CT AA,GENERAL MERCHANDISE,BATTERIES/FLASHLIGHTS
20170214,dba451d9bf8cc4194ba529564d005910ecd80c9c,13.99,1,ENRGZ MAX AAA,GENERAL MERCHANDISE,BATTERIES/FLASHLIGHTS
20170214,38207b74d1f92ef166575114285afc2c221e3b54,13.99,1,ENRGZ MAX AAA,GENERAL MERCHANDISE,BATTERIES/FLASHLIGHTS
20170214,5e90a664e25da3e92cd62e316adf57ec81c79bc0,13.99,1,ENRGZ MAX AAA,GENERAL MERCHANDISE,BATTERIES/FLASHLIGHTS
20170214,2ee37b3bb174eab1ec5ec8851313042731ded8f4,12.49,1,ENRGZ MAX AAA,GENERAL MERCHANDISE,BATTERIES/FLASHLIGHTS
20170214,ff54d085bcda3727af4952d734b0f7788c3c4542,13.99,1,ENRGZ MAX AAA,GENERAL MERCHANDISE,BATTERIES/FLASHLIGHTS
20170214,483338da6207062eb88ec725341313f9cf17a171,13.99,1,ENRGZ MAX AAA,GENERAL MERCHANDISE,BATTERIES/FLASHLIGHTS
20170214,2a096c31f7d2a81594299661e3519eab88003aab,12.49,1,ENRGZ MAX AAA,GENERAL MERCHANDISE,BATTERIES/FLASHLIGHTS
20170214,afcc1d8a7c4d5758926f1100ff260291bc20a45e,13.99,1,ENRGZ MAX AAA,GENERAL MERCHANDISE,BATTERIES/FLASHLIGHTS
20170214,ff54d085bcda3727af4952d734b0f7788c3c4542,13.99,1,ENRGZ MAX AAA,GENERAL MERCHANDISE,BATTERIES/FLASHLIGHTS
20170214,52b0c0aaed3c5b03662bb6ab94efb420b4d5569b,13.99,1,ENRGZ MAX AAA,GENERAL MERCHANDISE,BATTERIES/FLASHLIGHTS
20170214,1c258470fd7ff443b93c3afdb1adee56bba15d74,0,0,ENRGZ H/AID AZ312DP-8,GENERAL MERCHANDISE,BATTERIES/FLASHLIGHTS
20170214,2c22962503d4a8e4db4bcd136b2faf5ae21326f2,0,0,ENRGZ 3V WTCH LITH 2025,GENERAL MERCHANDISE,BATTERIES/FLASHLIGHTS
20170214,2c22962503d4a8e4db4bcd136b2faf5ae21326f2,0,0,ENER ALK E90 2PK,GENERAL MERCHANDISE,BATTERIES/FLASHLIGHTS
20170214,301e7d5a4d067f106219fae86ea5516be7985fa7,0,0,ENRGZ BATTERY AAA,GENERAL MERCHANDISE,BATTERIES/FLASHLIGHTS
20170214,dbc375179101068e1f67279ec2d64ed3b441392a,0,0,ENRGZ MAX AA,GENERAL MERCHANDISE,BATTERIES/FLASHLIGHTS
20170214,b17f590512cc009c71aa62b54b4f8693fee4b1e1,0,0,ENRGZ 3V WTCH LITH 2032,GENERAL MERCHANDISE,BATTERIES/FLASHLIGHTS
20170214,95ac5ab60491257954a02b9d0aab6c9d832aa2d8,2.5,1,REFRESH HAWAAIAN AUTO WIPES,GENERAL MERCHANDISE,AUTOMOTIVE
20170214,fcacbaf995613add57bf12718096ad8282a7390c,2.5,1,REFRESH HAWAAIAN AUTO WIPES,GENERAL MERCHANDISE,AUTOMOTIVE
20170214,2a059b6808407d18bbdf1792f34397b46050f936,2.5,1,REFRESH HAWAAIAN AUTO WIPES,GENERAL MERCHANDISE,AUTOMOTIVE
20170214,5b5faf80039bf57e9de2abece52fd10eb14754da,2.5,1,REFRESH HAWAAIAN AUTO WIPES,GENERAL MERCHANDISE,AUTOMOTIVE
20170214,472e609a2502efd169c77897de1a3bbdbca96c6a,2.5,1,REFRESH HAWAAIAN AUTO WIPES,GENERAL MERCHANDISE,AUTOMOTIVE
20170214,c6af35d909eb7f7e8c2c967b7fde21276226c74f,2.5,1,REFRESH HAWAAIAN AUTO WIPES,GENERAL MERCHANDISE,AUTOMOTIVE
20170214,eb3a10b7a03a31121842f4cf8d160c22c994d404,2.5,1,REFRESH HAWAAIAN AUTO WIPES,GENERAL MERCHANDISE,AUTOMOTIVE
20170214,3df4bc23f8dee4d6e0230870b9a1b49921ec0397,2.5,1,REFRESH HAWAAIAN AUTO WIPES,GENERAL MERCHANDISE,AUTOMOTIVE
20170214,2ae7587e801285f67f36814957c07c6ee9849281,2.5,1,REFRESH HAWAAIAN AUTO WIPES,GENERAL MERCHANDISE,AUTOMOTIVE
20170214,a4cc354addb375bca5c3d4a00788fea5625e6b79,2.5,1,REFRESH HAWAAIAN AUTO WIPES,GENERAL MERCHANDISE,AUTOMOTIVE
20170214,1dbb0f17fbb5cae99f4036c1a4d34b34e29e7e7c,2.5,1,REFRESH HAWAAIAN AUTO WIPES,GENERAL MERCHANDISE,AUTOMOTIVE
20170214,fec73d6f3d8053d7fb66fdb60516c6f7255b5d12,2.5,1,REFRESH HAWAAIAN AUTO WIPES,GENERAL MERCHANDISE,AUTOMOTIVE
20170214,ab536796973d6751e85e5e0f8401138fe7f7128e,2.5,2,REFRESH HAWAAIAN AUTO WIPES,GENERAL MERCHANDISE,AUTOMOTIVE
20170214,1c12f61394922d8b25dcbf8d139a4e2749cde026,2.5,1,REFRESH HAWAAIAN AUTO WIPES,GENERAL MERCHANDISE,AUTOMOTIVE
20170214,b4e6a79b8994f6ee39042c732fcc4b11aa0640a6,2.5,1,REFRESH HAWAAIAN AUTO WIPES,GENERAL MERCHANDISE,AUTOMOTIVE
20170214,d2e7081e1654839a9b70234ede0ff227e919fd2b,2.5,1,REFRESH HAWAAIAN AUTO WIPES,GENERAL MERCHANDISE,AUTOMOTIVE
20170214,cc7303e9dc61de77f2df1837a2da83d2db4a32c5,2.5,1,REFRESH HAWAAIAN AUTO WIPES,GENERAL MERCHANDISE,AUTOMOTIVE
20170214,4eeb4b46e0028db113b32703df35e05e9242b65c,2.5,1,REFRESH HAWAAIAN AUTO WIPES,GENERAL MERCHANDISE,AUTOMOTIVE
20170214,be93b25bc1988049b8478b15a22d0a847d013a46,2.5,1,REFRESH HAWAAIAN AUTO WIPES,GENERAL MERCHANDISE,AUTOMOTIVE
20170214,7212abb79d7e330d30ca9e0ba14d6ca3d98b3e3,3,1,DESERT JASMINE FILTER,GENERAL MERCHANDISE,GENERAL MERCHANDISE
20170214,e963481a01a9df8aed99e190177fc98dbd51cd3c,3,1,DESERT JASMINE FILTER,GENERAL MERCHANDISE,GENERAL MERCHANDISE
20170214,4a57ccdbbdd6911633debad040334e79ad49583d,3,2,DESERT JASMINE FILTER,GENERAL MERCHANDISE,GENERAL MERCHANDISE
20170214,35dfd732bcb4dcd2cba09ed477d13cb3528b71e1,3,1,DESERT JASMINE FILTER,GENERAL MERCHANDISE,GENERAL MERCHANDISE
20170214,646f1e441a00cb9fa8ef0f9a0ebb28eea090bc90,3,1,DESERT JASMINE FILTER,GENERAL MERCHANDISE,GENERAL MERCHANDISE
20170214,f15ed69a7041e6e9943b94a412dceb91876216ad,3,1,DESERT JASMINE FILTER,GENERAL MERCHANDISE,GENERAL MERCHANDISE
20170214,279f046a22a978a0d758030ed5bf25562168c9a2,3,1,DESERT JASMINE FILTER,GENERAL MERCHANDISE,GENERAL MERCHANDISE
20170214,dc31c9790e79ea5018be7162376c89ba700881b6,3,1,DESERT JASMINE FILTER,GENERAL MERCHANDISE,GENERAL MERCHANDISE
20170214,1972aaf1cdc6a509c7d81718021ae457627af02f,3,1,DESERT JASMINE FILTER,GENERAL MERCHANDISE,GENERAL MERCHANDISE
20170214,e0106fed78206dfbdfd05d8af52b35bbbae4c93,3,1,DESERT JASMINE FILTER,GENERAL MERCHANDISE,GENERAL MERCHANDISE
20170214,825441f4ee09462257c51489605a73230b3922b9,3,1,DESERT JASMINE FILTER,GENERAL MERCHANDISE,GENERAL MERCHANDISE
20170214,8748a1b16b2bebbdf50d1761e82815eeef215ddc,3,1,DESERT JASMINE FILTER,GENERAL MERCHANDISE,GENERAL MERCHANDISE
20170214,12a0f0c065d90dda99a6556004423c340a1b5d0,3,1,DESERT JASMINE FILTER,GENERAL MERCHANDISE,GENERAL MERCHANDISE
20170214,a7f5fbd540047dc595c55eac206f6de01c48f521,3,1,DESERT JASMINE FILTER,GENERAL MERCHANDISE,GENERAL MERCHANDISE
20170214,5b804391425219560a205a52e31a3537156025a6,3,1,DESERT JASMINE FILTER,GENERAL MERCHANDISE,GENERAL MERCHANDISE
20170214,1caaa949e25e9439eb704fa64bfdcf6e47ee008d,3,1,DESERT JASMINE FILTER,GENERAL MERCHANDISE,GENERAL MERCHANDISE
20170214,5a981c64bf95d7972aea3a41265bd7cd10430e3,3,1,DESERT JASMINE FILTER,GENERAL MERCHANDISE,GENERAL MERCHANDISE
20170214,38e48b1bbd0661b31cc94d5e0b24473cddcf0e2,3,2,DESERT JASMINE FILTER,GENERAL MERCHANDISE,GENERAL MERCHANDISE
20170214,16e0dab6572f8e65b4584fef417cd3041305386a,3,1,ENRGZ 4X ADV LITHIUM AA,GENERAL MERCHANDISE,BATTERIES/FLASHLIGHTS
20170214,16e0dab6572f8e65b4584fef417cd3041305386a,3,1,ENRGZ 4X ADV LITHIUM-AA,GENERAL MERCHANDISE,BATTERIES/FLASHLIGHTS
20170214,72598916475de28b7f6918b093e997e1cce8dbe7,1.89,1,ENER ALK E90 2PK,GENERAL MERCHANDISE,BATTERIES/FLASHLIGHTS
20170214,474b970ea28c6765175d45086572583e3becd0be,3.29,1,ENRGZ 3V WTCH LITH 2016,GENERAL MERCHANDISE,BATTERIES/FLASHLIGHTS
20170214,eca1692090f0ceeed99f0b54db9ca6b40b1ad74d,3.29,1,ENRGZ 3V WTCH LITH 2016,GENERAL MERCHANDISE,BATTERIES/FLASHLIGHTS
20170214,aef535368df71b023fd568e866451e6dcc3abea6,3.29,1,ENRGZ 3V WTCH LITH 2016,GENERAL MERCHANDISE,BATTERIES/FLASHLIGHTS
20170214,2a096c31f7d2a81594299661e3519eab88003aab,3.29,1,ENRGZ 3V WTCH LITH 2016,GENERAL MERCHANDISE,BATTERIES/FLASHLIGHTS
20170214,ff54d085bcda3727af4952d734b0f7788c3c4542,3.29,1,ENRGZ 3V WTCH LITH 2016,GENERAL MERCHANDISE,BATTERIES/FLASHLIGHTS
20170214,eca1692090f0ceeed99f0b54db9ca6b40b1ad74d,3.29,1,ENRGZ 3V WTCH LITH 2016,GENERAL MERCHANDISE,BATTERIES/FLASHLIGHTS
20170214,9e18a79c8156a9876f9d25d90d053f7bec12b75,3.29,1,ENRGZ 3V WTCH LITH 2016,GENERAL MERCHANDISE,BATTERIES/FLASHLIGHTS
20170214,9e18a79c8156a9876f9d25d90d053f7bec12b75,3.29,1,ENRGZ 3V WTCH LITH 2016,GENERAL MERCHANDISE,BATTERIES/FLASHLIGHTS
20170214,5e90a664e25da3e92cd62e316adf57ec81c79bc0,3.29,1,ENRGZ 3V WTCH LITH 2016,GENERAL MERCHANDISE,BATTERIES/FLASHLIGHTS
20170214,aef535368df71b023fd568e866451e6dcc3abea6,3.29,1,ENRGZ 3V WTCH LITH 2025,GENERAL MERCHANDISE,BATTERIES/FLASHLIGHTS
20170214,4b0ec7d5b0e594e63204f4065a74dbaf9e7f3954,3.29,1,ENRGZ 3V WTCH LITH 2025,GENERAL MERCHANDISE,BATTERIES/FLASHLIGHTS
20170214,33287c5da8b6c1b3b8a8edc4063b5cf3d46e76ff,3.29,1,ENRGZ 3V WTCH LITH 2025,GENERAL MERCHANDISE,BATTERIES/FLASHLIGHTS
20170214,33287c5da8b6c1b3b8a8edc4063b5cf3d46e76ff,3.29,1,ENRGZ 3V WTCH LITH 2025,GENERAL MERCHANDISE,BATTERIES/FLASHLIGHTS
20170214,33287c5da8b6c1b3b8a8edc4063b5cf3d46e76ff,3.29,1,ENRGZ 3V WTCH LITH 2025,GENERAL MERCHANDISE,BATTERIES/FLASHLIGHTS
20170214,ff54d085bcda3727af4952d734b0f7788c3c4542,3.29,1,ENRGZ 3V WTCH LITH 2025,GENERAL MERCHANDISE,BATTERIES/FLASHLIGHTS
20170214,aef535368df71b023fd568e866451e6dcc3abea6,3.29,1,ENRGZ 3V WTCH LITH 2025,GENERAL MERCHANDISE,BATTERIES/FLASHLIGHTS
20170214,735d597bf488c0b2b8f9c4db43eb910c7fba4d8c,3.29,1,ENRGZ 3V WTCH LITH 2025,GENERAL MERCHANDISE,BATTERIES/FLASHLIGHTS
20170214,52172f0b32645a11e211fbeb5ada592ade285957,3.29,1,ENRGZ 3V WTCH LITH 2025,GENERAL MERCHANDISE,BATTERIES/FLASHLIGHTS
