"","Title","Year","Rated","Released","Runtime","Genre","Director","Writer","Actors","Plot","Language","Country","Awards","Poster","Ratings.Source","Ratings.Value","Metascore","imdbRating","imdbVotes","imdbID","Type","totalSeasons","tomatoMeter","tomatoImage","tomatoRating","tomatoReviews","tomatoFresh","tomatoRotten","tomatoConsensus","tomatoUserMeter","tomatoUserRating","tomatoUserReviews","tomatoURL","DVD","BoxOffice","Production","Website","Response"
"1","The Player","2015","TV-14","24 Sep 2015","60 min","Action, Crime, Drama","N/A","John Fox, John Rogers","Philip Winchester, Damon Gupton, Wesley Snipes, Charity Wakefield","A former intelligence and FBI officer, who now works as a security expert in Las Vegas, is recruited by mysterious pit boss Mr. Johnson to, based on his tips, try to prevent crimes, while the rich place bets on his chances of success.","English","USA","1 nomination.","https://images-na.ssl-images-amazon.com/images/M/MV5BMTQ2MzEyMTE4Ml5BMl5BanBnXkFtZTgwMjgwMDI2NjE@._V1_SX300.jpg","Internet Movie Database","7.1/10","N/A","7.1","6,331","tt4474310","series","1","N/A","N/A","N/A","N/A","N/A","N/A","N/A","N/A","N/A","N/A","N/A","N/A","N/A","N/A","N/A","True"
"2","The Honeymooners","1955–1956","N/A","01 Oct 1955","30 min","Comedy, Family","N/A","Jackie Gleason","Jackie Gleason, Art Carney, Audrey Meadows, Joyce Randolph","A bus driver and his sewer worker friend struggle to strike it rich while their wives look on with weary patience.","English","USA","Won 1 Primetime Emmy. Another 3 wins & 7 nominations.","https://images-na.ssl-images-amazon.com/images/M/MV5BMTMyNDM3Mjk2OV5BMl5BanBnXkFtZTcwMjE2MjEyMQ@@._V1_SX300.jpg","Internet Movie Database","8.7/10","N/A","8.7","3,637","tt0042114","series","1","N/A","N/A","N/A","N/A","N/A","N/A","N/A","N/A","N/A","4","http://www.rottentomatoes.com/m/ralphs-world-say-hello/","23 Sep 2003","N/A","N/A","N/A","True"
"3","McHale's Navy","1962–1966","TV-G","11 Oct 1962","30 min","Comedy, War","N/A","N/A","Ernest Borgnine, Joe Flynn, Tim Conway, Carl Ballantine","The misadventures of a misfit PT Boat crew during World War II.","English","USA","Nominated for 5 Primetime Emmys. Another 1 nomination.","https://images-na.ssl-images-amazon.com/images/M/MV5BNDk5Mzk0NTAxM15BMl5BanBnXkFtZTcwMTIwNzk0MQ@@._V1_SX300.jpg","Internet Movie Database","7.5/10","N/A","7.5","1,698","tt0055689","series","4","N/A","N/A","N/A","N/A","N/A","N/A","N/A","N/A","N/A","N/A","N/A","N/A","N/A","N/A","N/A","True"
"4","Bewitched","1964–1972","TV-G","17 Sep 1964","25 min","Comedy, Family, Fantasy","N/A","Sol Saks","Elizabeth Montgomery, Agnes Moorehead, David White, Dick York","A witch married to an ordinary man cannot resist using her magic powers to solve the problems her family faces.","English","USA","Nominated for 4 Golden Globes. Another 13 wins & 27 nominations.","https://images-na.ssl-images-amazon.com/images/M/MV5BMTU5OTkzNDIyOF5BMl5BanBnXkFtZTcwMjk1OTEzMQ@@._V1._CR30,34,304,426_SY132_CR2,0,89,132_AL_.jpg_V1_SX300.jpg","Internet Movie Database","7.6/10","N/A","7.6","12,399","tt0057733","series","8","N/A","N/A","N/A","N/A","N/A","N/A","N/A","N/A","N/A","N/A","N/A","N/A","N/A","N/A","N/A","True"
"5","M*A*S*H","1972–1983","TV-PG","17 Sep 1972","25 min","Comedy, Drama, War","N/A","Larry Gelbart","Alan Alda, Loretta Swit, Jamie Farr, William Christopher","The staff of an army hospital in the Korean war find that laughter is the best way to deal with their situation.","English","USA","Won 8 Golden Globes. Another 54 wins & 153 nominations.","https://images-na.ssl-images-amazon.com/images/M/MV5BMTQ3OTM1NjM5MF5BMl5BanBnXkFtZTcwMTI5NDY0MQ@@._V1_SX300.jpg","Internet Movie Database","8.4/10","N/A","8.4","40,349","tt0068098","series","11","N/A","N/A","N/A","N/A","N/A","N/A","N/A","N/A","N/A","N/A","N/A","N/A","N/A","N/A","N/A","True"
"6","The Streets of San Francisco","1972–1977","N/A","16 Sep 1972","60 min","Action, Crime, Drama","N/A","Edward Hume","Karl Malden, Michael Douglas","A veteran cop with more than 20 years of experience is teamed with a young Inspector to solve crimes in San Francisco.","English","USA","Nominated for 3 Golden Globes. Another 4 wins & 21 nominations.","https://images-na.ssl-images-amazon.com/images/M/MV5BYmNiM2NkYjYtZGE1NC00OGVlLTg5OWMtYzhmZDQxZmNlMTFlXkEyXkFqcGdeQXVyMjExMjk0ODk@._V1_SX300.jpg","Internet Movie Database","7.3/10","N/A","7.3","3,731","tt0068135","series","5","N/A","N/A","N/A","N/A","N/A","N/A","N/A","N/A","N/A","N/A","N/A","N/A","N/A","N/A","N/A","True"
"7","The A-Team","1983–1987","TV-PG","23 Jan 1983","60 min","Action, Adventure, Crime","N/A","Stephen J. Cannell, Frank Lupo","George Peppard, Dwight Schultz, Mr. T, Dirk Benedict","Four Vietnam vets, framed for a crime they didn't commit, help the innocent while on the run from the military.","English","USA","Nominated for 3 Primetime Emmys. Another 3 wins & 2 nominations.","https://images-na.ssl-images-amazon.com/images/M/MV5BMzI0MjI1NjU5OF5BMl5BanBnXkFtZTcwNzg5NDUyMQ@@._V1_SX300.jpg","Internet Movie Database","7.6/10","N/A","7.6","27,265","tt0084967","series","5","N/A","N/A","N/A","N/A","N/A","N/A","N/A","N/A","N/A","145","http://www.rottentomatoes.com/m/five_factories_workers_control_in_venezuela_1983/","N/A","N/A","N/A","N/A","True"
"8","Miami Vice","1984–1990","TV-14","16 Sep 1984","48 min","Action, Crime, Drama","N/A","Anthony Yerkovich","Don Johnson, Philip Michael Thomas, Saundra Santiago, Olivia Brown","Resplendent with authentic 1980's music, fashion and vibe, ""Miami Vice"" follows two undercover detectives and their extended team through the mean streets of Miami.","English","USA","Won 2 Golden Globes. Another 10 wins & 29 nominations.","https://images-na.ssl-images-amazon.com/images/M/MV5BMjAzMDI0MzU3N15BMl5BanBnXkFtZTYwMTIzNzI2._V1_SX300.jpg","Internet Movie Database","7.5/10","N/A","7.5","17,942","tt0086759","series","5","N/A","N/A","N/A","N/A","N/A","N/A","N/A","N/A","N/A","N/A","N/A","N/A","N/A","N/A","N/A","True"
"9","Anne of Green Gables","1985","TV-G","17 Feb 1986","199 min","Drama, Family","N/A","N/A","Megan Follows, Colleen Dewhurst, Richard Farnsworth, Patricia Hamilton","An orphan girl, sent to an elderly brother and sister by mistake, charms her new home and community with her fiery spirit and imagination.","English","Canada, West Germany, USA","Won 1 Primetime Emmy. Another 11 wins & 6 nominations.","https://images-na.ssl-images-amazon.com/images/M/MV5BNDI4MjA2MzUxOV5BMl5BanBnXkFtZTcwNjE0MjE2MQ@@._V1._CR53,69,306,401_SY132_CR6,0,89,132_AL_.jpg_V1_SX300.jpg","Internet Movie Database","8.4/10","N/A","8.4","15,850","tt0088727","series","1","N/A","N/A","N/A","N/A","N/A","N/A","N/A","96","3.8","49609","http://www.rottentomatoes.com/m/1001074-anne_of_green_gables/","13 Nov 2001","N/A","Sullivan Films","N/A","True"
"10","The Bold and the Beautiful","1987–","TV-14","23 Mar 1987","30 min","Drama, Romance","N/A","William J. Bell, Lee Phillip Bell","Katherine Kelly Lang, Ronn Moss, Susan Flannery, John McCook","The saga of high fashion glamour, honor, romance, passion, and most importantly, family.","English","USA","103 wins & 320 nominations.","https://images-na.ssl-images-amazon.com/images/M/MV5BNmUzODY1NDAtNWQyMC00YjdiLWE1YTQtZTllZDk5MzlhMGI0XkEyXkFqcGdeQXVyMzI3OTYxMzQ@._V1_SX300.jpg","Internet Movie Database","3.5/10","N/A","3.5","5,824","tt0092325","series","1","N/A","N/A","N/A","N/A","N/A","N/A","N/A","N/A","N/A","N/A","N/A","N/A","N/A","N/A","N/A","True"
"11","Dekalog","1989–1990","TV-MA","10 Dec 1989","572 min","Drama","N/A","N/A","Artur Barcis, Olgierd Lukaszewicz, Aleksander Bardini, Olaf Lubaszenko","Ten television drama films, each one based on one of the Ten Commandments.","Polish","Poland, West Germany","9 wins.","https://images-na.ssl-images-amazon.com/images/M/MV5BZTQwZDhmZjAtZDc3ZC00OTg0LTgwZWQtN2Y0OTM5ODQ3ZTU4XkEyXkFqcGdeQXVyMTQxNzMzNDI@._V1_SX300.jpg","Internet Movie Database","9.1/10","100","9.1","14,538","tt0092337","series","1","N/A","N/A","N/A","N/A","N/A","N/A","N/A","N/A","N/A","N/A","N/A","N/A","N/A","N/A","N/A","True"
"12","In the Heat of the Night","1988–1995","N/A","06 Mar 1988","60 min","Action, Crime, Drama","N/A","James Lee Barrett","Carroll O'Connor, Alan Autry, David Hart, Hugh O'Connor","The cases and adventures of the police forces in and around Sparta, Mississippi.","English","USA","Nominated for 7 Golden Globes. Another 4 wins & 3 nominations.","https://images-na.ssl-images-amazon.com/images/M/MV5BNDkwODE1MDQyNl5BMl5BanBnXkFtZTYwMjAxNDI2._V1_SX300.jpg","Internet Movie Database","7.5/10","N/A","7.5","2,477","tt0094484","series","8","N/A","N/A","N/A","N/A","N/A","N/A","N/A","N/A","N/A","N/A","N/A","N/A","N/A","N/A","N/A","True"
"13","Wings","1990–1997","N/A","19 Apr 1990","30 min","Comedy, Drama","N/A","David Angell, Peter Casey, David Lee","Tim Daly, Steven Weber, Crystal Bernard, David Schramm","Brothers Brian and Joe Hackett attempt to run an airline on the New England island of Nantucket while surrounded by their various wacky friends and employees.","English","USA","Nominated for 3 Primetime Emmys. Another 2 wins & 3 nominations.","https://images-na.ssl-images-amazon.com/images/M/MV5BMTEwMDQ3MzIxNjNeQTJeQWpwZ15BbWU3MDc1OTcyMzI@._V1_SX300.jpg","Internet Movie Database","7.3/10","N/A","7.3","8,080","tt0098948","series","8","N/A","N/A","N/A","N/A","N/A","N/A","N/A","N/A","N/A","N/A","N/A","N/A","N/A","N/A","N/A","True"
"14","A Touch of Frost","1992–","N/A","06 Dec 1992","105 min","Crime, Drama, Mystery","N/A","N/A","David Jason, Bruce Alexander, John Lyons, Arthur White","DI Jack Frost is an unconventional policeman with sympathy for the underdog and an instinct for moral justice. Sloppy, disorganized and disrespectful, he attracts trouble like a magnet.","English","UK","11 wins & 14 nominations.","https://images-na.ssl-images-amazon.com/images/M/MV5BM2FlYjlkN2MtN2ZjZi00NTE2LWFmZjctNzRhMDM2MzY5ZTNjXkEyXkFqcGdeQXVyMjExMjk0ODk@._V1_SX300.jpg","Internet Movie Database","7.8/10","N/A","7.8","4,783","tt0108967","series","15","N/A","N/A","N/A","N/A","N/A","N/A","N/A","N/A","N/A","N/A","N/A","N/A","N/A","N/A","N/A","True"
"15","Space: Above and Beyond","1995–1996","N/A","24 Sep 1995","60 min","Drama, Sci-Fi","N/A","Glen Morgan, James Wong","Morgan Weisser, Kristen Cloke, Rodney Rowland, Joel de la Fuente","The Earth is embroiled in a desperate war against alien invaders, and this series focuses on one squadron of Marine pilots involved in it.","English","USA","Nominated for 2 Primetime Emmys. Another 3 wins & 1 nomination.","https://images-na.ssl-images-amazon.com/images/M/MV5BMTI3MTMxNTg2M15BMl5BanBnXkFtZTcwMjkzMTIzMQ@@._V1_SX300.jpg","Internet Movie Database","7.7/10","N/A","7.7","6,588","tt0112173","series","1","N/A","N/A","N/A","N/A","N/A","N/A","N/A","N/A","N/A","N/A","N/A","N/A","N/A","N/A","N/A","True"
"16","3rd Rock from the Sun","1996–2001","TV-PG","09 Jan 1996","60 min","Comedy, Family, Sci-Fi","N/A","Bonnie Turner, Terry Turner","John Lithgow, Kristen Johnston, French Stewart, Joseph Gordon-Levitt","A group of aliens are sent to Earth, disguised as a human family, to experience and report life on the 3rd planet from the sun.","English","USA","Won 2 Golden Globes. Another 34 wins & 73 nominations.","https://images-na.ssl-images-amazon.com/images/M/MV5BMGMwZWU4ZjAtNTA3MC00ZDFkLWE3YzQtZjdiMTk3ZDJiMDM0XkEyXkFqcGdeQXVyNTA4NzY1MzY@._V1_SX300.jpg","Internet Movie Database","7.8/10","N/A","7.8","40,055","tt0115082","series","6","N/A","N/A","N/A","N/A","N/A","N/A","N/A","N/A","N/A","N/A","N/A","N/A","N/A","N/A","N/A","True"
"17","Sabrina, the Teenage Witch","1996–2003","TV-G","27 Sep 1996","22 min","Comedy, Family, Fantasy","N/A","Jonathan Schmock, Nell Scovell","Melissa Joan Hart, Nick Bakay, Caroline Rhea, Beth Broderick","A 16 year old high school student Sabrina Spellman finds out she's a witch. Her two witchy aunts Zelda and Hilda offered her guidance how to control her new-discovered magical powers along with Salem, a talking black cat who used to be a warlock once.","English","USA","Nominated for 2 Primetime Emmys. Another 11 wins & 24 nominations.","https://images-na.ssl-images-amazon.com/images/M/MV5BMTk2NjYwMjEwMV5BMl5BanBnXkFtZTcwMjE5MDU1MQ@@._V1_SX300.jpg","Internet Movie Database","6.6/10","N/A","6.6","26,020","tt0115341","series","7","N/A","N/A","N/A","N/A","N/A","N/A","N/A","52","2.9","29825","http://www.rottentomatoes.com/m/sabrina_the_teenage_witch/","19 Aug 2003","N/A","Hallmark Entertainment","N/A","True"
"18","Buffy the Vampire Slayer","1997–2003","TV-14","10 Mar 1997","44 min","Action, Drama, Fantasy","N/A","Joss Whedon","Sarah Michelle Gellar, Nicholas Brendon, Alyson Hannigan, Anthony Head","A young woman is forced to fulfill her destiny of fighting vampires and demons with the help of her friends all the while struggling to live a normal teenage life of heart break and drama.","English","USA","Nominated for 1 Golden Globe. Another 52 wins & 128 nominations.","https://images-na.ssl-images-amazon.com/images/M/MV5BY2MwOGIyZGYtNzgxZC00N2Q5LTllYjItM2U4MTkwMDBjYzUyXkEyXkFqcGdeQXVyNzA5NjUyNjM@._V1_SX300.jpg","Internet Movie Database","8.2/10","N/A","8.2","107,637","tt0118276","series","7","N/A","N/A","N/A","N/A","N/A","N/A","N/A","N/A","N/A","N/A","N/A","N/A","N/A","N/A","N/A","True"
"19","Fired Up","1997–1998","N/A","10 Apr 1997","30 min","Comedy","N/A","Paul Slansky, Arleen Sorkin","Sharon Lawrence, Leah Remini, Mark Feuerstein, Jonathan Banks","First She Got Fired, Then She Got Fired Up!","English","USA","1 win & 1 nomination.","https://images-na.ssl-images-amazon.com/images/M/MV5BNGFjZTEwYWYtM2YwYy00MWZmLWJmYjMtYjE3YmZkMTIxZTYyXkEyXkFqcGdeQXVyMjg0Mjg1MDM@._V1_SX300.jpg","Internet Movie Database","6.8/10","N/A","6.8","118","tt0118315","series","2","N/A","N/A","N/A","N/A","N/A","N/A","N/A","N/A","N/A","N/A","N/A","N/A","N/A","N/A","N/A","True"
"20","The Grand","1997–1998","N/A","04 Apr 1997","60 min","Drama","N/A","N/A","Paul Warriner, Rebecca Callard, Susan Hampshire, Tim Healy","At the end of World War I, the Bannerman family re-opens the Grand Hotel after a lengthy closure and a costly re-furbishing. The hotel has been in the family for a long time and John ...","English","UK","1 nomination.","https://images-na.ssl-images-amazon.com/images/M/MV5BNzgzNDE0ODUzMV5BMl5BanBnXkFtZTcwNTY3MDIyMQ@@._V1_SX300.jpg","Internet Movie Database","7.6/10","N/A","7.6","470","tt0118327","series","2","N/A","N/A","N/A","N/A","N/A","N/A","N/A","N/A","N/A","N/A","N/A","N/A","N/A","N/A","N/A","True"
"21","Stargate SG-1","1997–2007","TV-14","27 Jul 1997","44 min","Action, Adventure, Drama","N/A","Jonathan Glassner, Brad Wright","Amanda Tapping, Christopher Judge, Michael Shanks, Richard Dean Anderson","A secret military team, SG-1, is formed to explore the recently discovered Stargates.","English","USA, Canada","Nominated for 9 Primetime Emmys. Another 18 wins & 88 nominations.","https://images-na.ssl-images-amazon.com/images/M/MV5BMTc3MjEwMTc5N15BMl5BanBnXkFtZTcwNzQ2NjQ4NA@@._V1_SX300.jpg","Internet Movie Database","8.4/10","N/A","8.4","68,721","tt0118480","series","10","N/A","N/A","N/A","N/A","N/A","N/A","N/A","N/A","N/A","10","http://www.rottentomatoes.com/m/interpreting-the-lost-symbol/","23 Nov 2009","N/A","N/A","N/A","True"
"22","Jesse","1998–2000","N/A","24 Sep 1998","30 min","Comedy","N/A","Ira Ungerleider","Christina Applegate, Jennifer Milmore, Liza Snyder, Bruno Campos","A single mother (Applegate) tries to find love again with her new boyfriend Diego, of whom her father disapproves. She gets help from her two brothers (one voluntarily mute) and two ...","English","USA","Nominated for 1 Golden Globe. Another 12 wins & 6 nominations.","https://images-na.ssl-images-amazon.com/images/M/MV5BMjAwMjczMjMyMl5BMl5BanBnXkFtZTcwNzkzNDIxNw@@._V1_SX300.jpg","Internet Movie Database","5.9/10","N/A","5.9","999","tt0156196","series","2","N/A","N/A","N/A","N/A","N/A","N/A","N/A","N/A","N/A","N/A","N/A","N/A","N/A","N/A","N/A","True"
"23","Creature","1998","N/A","17 May 1998","240 min","Horror, Sci-Fi, Thriller","N/A","N/A","Craig T. Nelson, Kim Cattrall, Colm Feore, Cress Williams","An amphibious shark-like monster terrorizes an abandoned secret military base and the people who live on the island it is located on. A marine biologist, as well as several other people, ...","English","USA, Canada","Nominated for 1 Primetime Emmy. Another 1 win & 1 nomination.","https://images-na.ssl-images-amazon.com/images/M/MV5BMTQ5OTMwMDU5MV5BMl5BanBnXkFtZTcwMDIwMDU2NA@@._V1_SX300.jpg","Internet Movie Database","5.0/10","N/A","5.0","2,081","tt0156205","series","1","N/A","N/A","N/A","N/A","N/A","N/A","N/A","N/A","N/A","N/A","N/A","N/A","N/A","N/A","N/A","True"
"24","Sex and the City","1998–2004","TV-MA","06 Jun 1998","30 min","Comedy, Drama, Romance","N/A","Darren Star","Sarah Jessica Parker, Kim Cattrall, Kristin Davis, Cynthia Nixon","Four female New Yorkers gossip about their sex lives (or lack thereof) and find new ways to deal with being a woman in the '90s.","English","USA","Won 8 Golden Globes. Another 40 wins & 163 nominations.","https://images-na.ssl-images-amazon.com/images/M/MV5BMTMyNDUyNzAwNF5BMl5BanBnXkFtZTcwODcyNzM2MQ@@._V1_SX300.jpg","Internet Movie Database","7.0/10","N/A","7.0","84,951","tt0159206","series","6","N/A","N/A","N/A","N/A","N/A","N/A","N/A","N/A","N/A","1","http://www.rottentomatoes.com/m/eating_green_organic_foods_and_cooking/","N/A","N/A","N/A","N/A","True"
"25","The Doombolt Chase","1978–","N/A","12 Mar 1978","30 min","Family, Drama","N/A","N/A","Andrew Ashby, Shelley Crowhurst, Richard Willis, Donald Burton","When Commander David Wheeler is arrested for a seemingly motiveless attack on a mysterious vessel, his son Richard, along with two friends, embarks on a search for the top-secret information that might clear his name.","English","UK","N/A","https://images-na.ssl-images-amazon.com/images/M/MV5BY2FjODkyNmYtNzA5ZS00Nzg4LWE3OTItNGYyNDcwY2EzZDYyXkEyXkFqcGdeQXVyMjE5MjEyNjM@._V1_SX300.jpg","Internet Movie Database","7.1/10","N/A","7.1","19","tt0166038","series","1","N/A","N/A","N/A","N/A","N/A","N/A","N/A","N/A","N/A","N/A","N/A","N/A","N/A","N/A","N/A","True"
"26","Arthur","1996–","TV-Y","02 Sep 1996","30 min","Animation, Comedy, Family","N/A","N/A","J.T. Turner, Melissa Altro, Daniel Brochu, Bruce Dinsmore","Based on the books by Marc Brown, these are the adventures of Arthur, an 8-year-old aardvark, and his family and friends as they grow up and learn how to be good neighbors to one another.","English","Canada, USA","12 wins & 32 nominations.","https://images-na.ssl-images-amazon.com/images/M/MV5BMTQ4MjA2MzgxN15BMl5BanBnXkFtZTgwODI3ODM0MjE@._V1_SX300.jpg","Internet Movie Database","7.5/10","N/A","7.5","9,133","tt0169414","series","20","N/A","N/A","N/A","N/A","N/A","N/A","N/A","N/A","N/A","32","http://www.rottentomatoes.com/m/dw-the-picky-eater1998/","14 Jun 2005","N/A","N/A","N/A","True"
"27","The Powerpuff Girls","1998–2005","TV-Y7","N/A","30 min","Animation, Action, Comedy","N/A","Craig McCracken, Chris Savino","Cathy Cavadini, Elizabeth Daily, Tara Strong, Tom Kenny","Three super-powered little girls constantly save the world (or at least the city of Townsville) from monsters, would-be conquerers and a few other gross things.","English","USA, Hong Kong","Won 2 Primetime Emmys. Another 2 wins & 17 nominations.","https://images-na.ssl-images-amazon.com/images/M/MV5BODdmZmFlMGUtZWE5NC00NmU5LTg3NzItOTNjNDc4ZTc2YzI1XkEyXkFqcGdeQXVyNjM1MTQ0NTQ@._V1_SX300.jpg","Internet Movie Database","7.3/10","N/A","7.3","27,700","tt0175058","series","6","N/A","N/A","N/A","N/A","N/A","N/A","N/A","N/A","N/A","N/A","N/A","N/A","N/A","N/A","N/A","True"
"28","Strangers with Candy","1999–2000","TV-14","07 Apr 1999","22 min","Comedy","N/A","Stephen Colbert, Paul Dinello, Mitch Rouse, Amy Sedaris","Paul Dinello, Stephen Colbert, Greg Hollimon, Deborah Rush","A 46-year-old ex-drug addict returns to high school as a freshman.","English","USA","N/A","https://images-na.ssl-images-amazon.com/images/M/MV5BMTcwNjcxNzY3OV5BMl5BanBnXkFtZTcwNzgyMTAwMQ@@._V1_SX300.jpg","Internet Movie Database","8.1/10","N/A","8.1","4,414","tt0194624","series","3","N/A","N/A","N/A","N/A","N/A","N/A","N/A","N/A","N/A","N/A","N/A","N/A","N/A","N/A","N/A","True"
"29","Home Movies","1999–2004","TV-PG","26 Apr 1999","30 min","Animation, Comedy, Drama","N/A","Loren Bouchard, Brendon Small","Brendon Small, H. Jon Benjamin, Melissa Bardin Galsky, Ron Lynch","Brendon Small, an ambitious eight-year-old filmmaker, shoots movies in his basement with his two best friends, while coming to terms with adolescence, life, and relationships.","English","USA","N/A","https://images-na.ssl-images-amazon.com/images/M/MV5BNDIwMmNjMTItYmM0YS00M2VlLTg5ZTQtYjJjOGY2MjU2NjI3XkEyXkFqcGdeQXVyNTAyODkwOQ@@._V1_SX300.jpg","Internet Movie Database","8.2/10","N/A","8.2","7,834","tt0197159","series","4","N/A","N/A","N/A","N/A","N/A","N/A","N/A","N/A","N/A","N/A","N/A","N/A","N/A","N/A","N/A","True"
"30","Dark Angel","2000–2002","TV-14","03 Oct 2000","60 min","Action, Drama, Mystery","N/A","James Cameron, Charles H. Eglee","Jessica Alba, Michael Weatherly, Richard Gunn, J.C. MacKenzie","A group of genetically-enhanced children escape from a lab project. Years later we meet Max, one of the escapees who now works for a messenger service in the post-apocalyptic Pacific Northwest.","English","USA","Nominated for 1 Golden Globe. Another 8 wins & 22 nominations.","https://images-na.ssl-images-amazon.com/images/M/MV5BMTMxNjA2Mzk3Nl5BMl5BanBnXkFtZTYwMjY4Njk5._V1_SX300.jpg","Internet Movie Database","7.4/10","N/A","7.4","26,550","tt0204993","series","2","N/A","N/A","N/A","N/A","N/A","N/A","N/A","N/A","N/A","N/A","N/A","N/A","N/A","N/A","N/A","True"
"31","Get Real","1999–2000","N/A","08 Sep 1999","60 min","Comedy, Drama, Romance","N/A","Clyde Phillips","Jon Tenney, Debrah Farentino, Eric Christian Olsen, Christina Pickles","Follow the dysfunctional Green family as the parents face midlife crisis and the kids go through their teenage years.","English","USA","4 nominations.","N/A","Internet Movie Database","7.3/10","N/A","7.3","404","tt0212662","series","1","N/A","N/A","N/A","N/A","N/A","N/A","N/A","N/A","N/A","N/A","N/A","N/A","N/A","N/A","N/A","True"
"32","Yu-Gi-Oh!","2000–2006","N/A","29 Sep 2001","24 min","Animation, Action, Adventure","N/A","Kazuki Takahashi","Dan Green","Yugi Moto solves an Ancient Egyptian Puzzle and brings forth a dark and powerful alter ego. Whenever he and his friends are threatened by evil in Duel Monster Card Game, this alter ego breaks out to save them.","English","Japan","N/A","https://images-na.ssl-images-amazon.com/images/M/MV5BMTk4ODYzMDM1MF5BMl5BanBnXkFtZTcwOTM3MjE2MQ@@._V1_SX300.jpg","Internet Movie Database","7.0/10","N/A","7.0","13,408","tt0249327","series","5","N/A","N/A","N/A","N/A","N/A","N/A","N/A","81","4.1","452","http://www.rottentomatoes.com/m/yu_gi_oh_2001/","19 Oct 2004","N/A","N/A","N/A","True"
"33","The Dead Zone","2002–2007","TV-14","16 Jun 2002","60 min","Drama, Fantasy, Mystery","N/A","Michael Piller, Shawn Piller","Anthony Michael Hall, Nicole de Boer, Chris Bruno, John L. Adams","Johnny Smith has been leading an idyllic small-town life. Employed as a science teacher, Johnny takes great pleasure in showing his young students the wonders of the natural world. He is ...","English","Canada, USA","2 wins & 16 nominations.","https://images-na.ssl-images-amazon.com/images/M/MV5BYTNmYTNlYTUtNjI2Yi00NmUwLWFjMzktNTIzNjZlNDdhYjFkXkEyXkFqcGdeQXVyMTQxNzMzNDI@._V1_SX300.jpg","Internet Movie Database","7.5/10","N/A","7.5","7,427","tt0281432","series","6","N/A","N/A","N/A","N/A","N/A","N/A","N/A","N/A","N/A","N/A","N/A","N/A","N/A","N/A","N/A","True"
"34","Rumor Has It","1993–","N/A","N/A","N/A","N/A","N/A","N/A","Brian Edward O'Connor, Richard Clement, Mary Dimino, Judy Gold","N/A","English","USA","1 nomination.","N/A","Internet Movie Database","5.4/10","N/A","5.4","11","tt0305096","series","N/A","N/A","N/A","N/A","N/A","N/A","N/A","N/A","N/A","N/A","N/A","N/A","N/A","N/A","N/A","N/A","True"
"35","The Bachelor","2002–","N/A","25 Mar 2002","60 min","Game-Show, Reality-TV, Romance","N/A","Mike Fleiss","Chris Harrison","A single bachelor dates multiple women over several weeks, narrowing them down to hopefully find his true love.","English","USA","9 wins & 9 nominations.","https://images-na.ssl-images-amazon.com/images/M/MV5BOGU3ZjYwYmQtNTdjMi00MmVkLThhYjktZTNhYjM3NTBlNDdhXkEyXkFqcGdeQXVyMzAzNTY3MDM@._V1_SX300.jpg","Internet Movie Database","3.0/10","N/A","3.0","4,753","tt0313038","series","21","N/A","N/A","N/A","N/A","N/A","N/A","N/A","N/A","N/A","N/A","N/A","N/A","N/A","N/A","N/A","True"
"36","The O.C.","2003–2007","TV-PG","05 Aug 2003","44 min","Comedy, Drama, Romance","N/A","Josh Schwartz","Peter Gallagher, Kelly Rowan, Ben McKenzie, Adam Brody","A troubled youth becomes embroiled in the lives of a close-knit group of people in the wealthy, upper-class neighborhood of Newport Beach, Orange County, California.","English","USA","15 wins & 21 nominations.","https://images-na.ssl-images-amazon.com/images/M/MV5BMjAxOGRiNzYtNDBlMy00Y2I5LWFiOGItNTA1OTEyODc0NWZiXkEyXkFqcGdeQXVyNTA4NzY1MzY@._V1_SX300.jpg","Internet Movie Database","7.5/10","N/A","7.5","69,047","tt0362359","series","4","N/A","N/A","N/A","N/A","N/A","N/A","N/A","N/A","N/A","N/A","N/A","N/A","N/A","N/A","N/A","True"
"37","Entourage","2004–2011","TV-MA","18 Jul 2004","28 min","Comedy, Drama","N/A","Doug Ellin","Kevin Connolly, Adrian Grenier, Kevin Dillon, Jerry Ferrara","Film star Vince Chase navigates the vapid terrain of Los Angeles with a close circle of friends and his trusty agent.","English","USA","Won 1 Golden Globe. Another 13 wins & 105 nominations.","https://images-na.ssl-images-amazon.com/images/M/MV5BMTY4MTE2MDAxOF5BMl5BanBnXkFtZTcwNjEyNzU3Mw@@._V1_SX300.jpg","Internet Movie Database","8.5/10","N/A","8.5","141,747","tt0387199","series","8","N/A","N/A","N/A","N/A","N/A","N/A","N/A","N/A","N/A","N/A","N/A","N/A","N/A","N/A","N/A","True"
"38","Veronica Mars","2004–2007","TV-14","22 Sep 2004","44 min","Crime, Drama, Mystery","N/A","Rob Thomas","Kristen Bell, Percy Daggs III, Jason Dohring, Francis Capra","After her best friend is murdered and her father is removed as county sheriff, Veronica Mars dedicates her life to cracking the toughest mysteries in the affluent town of Neptune.","English","USA","5 wins & 18 nominations.","https://images-na.ssl-images-amazon.com/images/M/MV5BMTA3MDAwNzA1ODVeQTJeQWpwZ15BbWU3MDAzMzAwNTE@._V1._CR43,35,298,451_SX89_AL_.jpg_V1_SX300.jpg","Internet Movie Database","8.4/10","N/A","8.4","57,260","tt0412253","series","3","N/A","N/A","N/A","N/A","N/A","N/A","N/A","N/A","N/A","N/A","N/A","N/A","N/A","N/A","N/A","True"
"39","Ghost Hunters","2004–","N/A","06 Oct 2004","60 min","Documentary","N/A","N/A","Jason Hawes, Steve Gonsalves, Dave Tango, Grant Wilson","This one-hour weekly docu-soap from the creator/executive producer of ""American Chopper"" follows a group of real-life paranormal researchers as they investigate haunted houses throughout ...","English","USA","2 wins.","https://images-na.ssl-images-amazon.com/images/M/MV5BMTUzOTAxMTM2OV5BMl5BanBnXkFtZTcwNzU3NzAzMQ@@._V1_SX300.jpg","Internet Movie Database","6.5/10","N/A","6.5","5,725","tt0426697","series","11","N/A","N/A","N/A","N/A","N/A","N/A","N/A","N/A","N/A","N/A","N/A","N/A","N/A","N/A","N/A","True"
"40","Robot Chicken","2001–","TV-MA","20 Feb 2005","11 min","Animation, Comedy","N/A","Seth Green, Matthew Senreich, Mike Fasolo","Seth Green, Matthew Senreich, Breckin Meyer","From creators Seth Green and Matthew Senreich, 'Robot Chicken' is stop-motion animation with a demented twist.","English","USA","Won 4 Primetime Emmys. Another 3 wins & 25 nominations.","https://images-na.ssl-images-amazon.com/images/M/MV5BYTVkMWY0ZTItMTg1Yy00ZmQ5LTgwYzktYTdkODdmZGJiOGUwXkEyXkFqcGdeQXVyNTAyODkwOQ@@._V1_SX300.jpg","Internet Movie Database","7.8/10","N/A","7.8","34,533","tt0437745","series","8","N/A","N/A","N/A","N/A","N/A","N/A","N/A","N/A","N/A","N/A","N/A","N/A","N/A","N/A","N/A","True"
"41","Star Wars: The Clone Wars","2008–2015","TV-PG","03 Oct 2008","23 min","Animation, Action, Adventure","N/A","George Lucas","Tom Kane, Dee Bradley Baker, Matt Lanter, James Arnold Taylor","The Grand Army of the Republic, led by Yoda, Mace Windu, Obi-Wan Kenobi, Anakin Skywalker and other Jedi Knights, fights the droid army of the Separatists.","English","USA","23 wins & 68 nominations.","https://images-na.ssl-images-amazon.com/images/M/MV5BZGNhYmVlNDAtYmYyMi00ZjI0LTg2MDEtNzhkMTdlMmRhYTI5XkEyXkFqcGdeQXVyNTAyODkwOQ@@._V1_SX300.jpg","Internet Movie Database","8.0/10","N/A","8.0","31,915","tt0458290","series","7","N/A","N/A","N/A","N/A","N/A","N/A","N/A","N/A","N/A","N/A","N/A","N/A","N/A","N/A","N/A","True"
"42","Bones","2005–2017","TV-14","13 Sep 2005","40 min","Comedy, Crime, Drama","N/A","Hart Hanson","Emily Deschanel, David Boreanaz, Michaela Conlin, T.J. Thyne","Forensic anthropologist, Dr. Temperance ""Bones"" Brennan, and cocky FBI special agent Seeley Booth build a team to investigate murders - and quite often, there isn't more to examine than rotten flesh or mere bones.","English, Spanish","USA","Nominated for 2 Primetime Emmys. Another 8 wins & 39 nominations.","https://images-na.ssl-images-amazon.com/images/M/MV5BMjA3ODMxMzM5NF5BMl5BanBnXkFtZTgwMDM1NjU0OTE@._V1_SX300.jpg","Internet Movie Database","7.9/10","N/A","7.9","119,678","tt0460627","series","12","N/A","N/A","N/A","N/A","N/A","N/A","N/A","N/A","N/A","N/A","N/A","N/A","N/A","N/A","N/A","True"
"43","It's Always Sunny in Philadelphia","2005–","TV-MA","04 Aug 2005","22 min","Comedy","N/A","Glenn Howerton, Rob McElhenney","Charlie Day, Glenn Howerton, Rob McElhenney, Kaitlin Olson","Five friends with big egos and slightly arrogant attitudes are the proprietors of an Irish bar in Philadelphia.","English","USA","Nominated for 3 Primetime Emmys. Another 3 wins & 8 nominations.","https://images-na.ssl-images-amazon.com/images/M/MV5BMjQ4MDMzMDg3OV5BMl5BanBnXkFtZTgwNDA4NDg5MDI@._V1_SX300.jpg","Internet Movie Database","8.8/10","N/A","8.8","147,097","tt0472954","series","14","N/A","N/A","N/A","N/A","N/A","N/A","N/A","98","4.7","1208","http://www.rottentomatoes.com/m/its-always-sunny-in-philadelphia-seasons-1-2/","04 Sep 2007","N/A","Twentieth Century Fox Home Entertainment","N/A","True"
"44","The Company","2007–","N/A","05 Aug 2007","286 min","Drama, History, Romance","N/A","N/A","Chris O'Donnell, Alfred Molina, Michael Keaton, Rory Cochrane","Real-life figures from the Cold War era mix with a fictional story based on a group of CIA operatives and their counterparts in the KGB, MI6, and the Mossad.","English","USA","Nominated for 1 Golden Globe. Another 7 wins & 20 nominations.","https://images-na.ssl-images-amazon.com/images/M/MV5BMTMyMjU2ODA3OV5BMl5BanBnXkFtZTcwNDExMDA1MQ@@._V1_SX300.jpg","Internet Movie Database","7.9/10","N/A","7.9","4,010","tt0488352","series","1","N/A","N/A","N/A","N/A","N/A","N/A","N/A","76","3.9","599","http://www.rottentomatoes.com/m/1186509-company/","23 Oct 2007","N/A","Sony Pictures Home Entertainment","N/A","True"
"45","Psych","2006–2014","TV-PG","07 Jul 2006","44 min","Comedy, Crime, Mystery","N/A","Steve Franks","James Roday, Dulé Hill, Timothy Omundson, Corbin Bernsen","A novice sleuth is hired by the police after he cons them into thinking he has psychic powers which help solve crimes. With the assistance of his reluctant best friend, the duo take on a series of complicated cases.","English","USA","Nominated for 1 Primetime Emmy. Another 5 wins & 30 nominations.","https://images-na.ssl-images-amazon.com/images/M/MV5BMTI2NzgzNDA3NV5BMl5BanBnXkFtZTcwMjg1MzU1MQ@@._V1_SX300.jpg","Internet Movie Database","8.4/10","N/A","8.4","70,201","tt0491738","series","8","N/A","N/A","N/A","N/A","N/A","N/A","N/A","N/A","N/A","N/A","N/A","N/A","N/A","N/A","N/A","True"
"46","Friday Night Lights","2006–2011","TV-14","03 Oct 2006","44 min","Drama, Sport","N/A","Peter Berg","Kyle Chandler, Connie Britton, Aimee Teegarden, Brad Leland","The trials and tribulations of small town Texas football players, their friends, family, and coaching staff.","English","USA","Won 3 Primetime Emmys. Another 13 wins & 94 nominations.","https://images-na.ssl-images-amazon.com/images/M/MV5BMTYwNjIyMTYwOV5BMl5BanBnXkFtZTcwMTA2MDU1MQ@@._V1_SX300.jpg","Internet Movie Database","8.7/10","N/A","8.7","45,729","tt0758745","series","5","N/A","N/A","N/A","N/A","N/A","N/A","N/A","N/A","N/A","N/A","N/A","N/A","N/A","N/A","N/A","True"
"47","Rules of Engagement","2007–2013","TV-PG","03 Feb 2007","22 min","Comedy, Romance","N/A","Tom Hertz","Patrick Warburton, Megyn Price, Oliver Hudson, Bianca Kajlich","Two couples and their single friend, all at different stages in their relationships, deal with the complications of dating, commitment and marriage.","English","USA","Nominated for 4 Primetime Emmys. Another 8 wins & 3 nominations.","https://images-na.ssl-images-amazon.com/images/M/MV5BMTg4NzkyMjg0OF5BMl5BanBnXkFtZTcwNzA1ODgwNA@@._V1_SX300.jpg","Internet Movie Database","7.3/10","N/A","7.3","27,804","tt0790772","series","7","N/A","N/A","N/A","N/A","N/A","N/A","N/A","N/A","N/A","N/A","N/A","N/A","N/A","N/A","N/A","True"
"48","Eureka","2006–2012","TV-14","18 Jul 2006","60 min","Comedy, Drama, Sci-Fi","N/A","Andrew Cosby, Jaime Paglia","Colin Ferguson, Salli Richardson-Whitfield, Erica Cerra, Neil Grayston","The best minds in the US are tucked away in a remote town where they build futuristic inventions for the government's benefit.","English","USA","Nominated for 1 Primetime Emmy. Another 2 wins & 12 nominations.","https://images-na.ssl-images-amazon.com/images/M/MV5BMTkyMDQ0NDY1M15BMl5BanBnXkFtZTcwOTU1Njk3MQ@@._V1_SX300.jpg","Internet Movie Database","7.9/10","N/A","7.9","41,080","tt0796264","series","5","N/A","N/A","N/A","N/A","N/A","N/A","N/A","N/A","N/A","N/A","N/A","N/A","N/A","N/A","N/A","True"
"49","Heroes","2006–2010","TV-14","25 Sep 2006","45 min","Drama, Fantasy, Sci-Fi","N/A","Tim Kring","Jack Coleman, Hayden Panettiere, Milo Ventimiglia, Masi Oka","Common people discover that they have super powers. Their lives intertwine as a devastating event must be prevented.","English, Japanese, Spanish","USA","Nominated for 2 Golden Globes. Another 28 wins & 96 nominations.","https://images-na.ssl-images-amazon.com/images/M/MV5BMjI3ODU0OTQ1MV5BMl5BanBnXkFtZTgwNzI0MTQ2MzE@._V1_SX300.jpg","Internet Movie Database","7.7/10","N/A","7.7","208,262","tt0813715","series","4","N/A","N/A","N/A","N/A","N/A","N/A","N/A","71","3.7","249","http://www.rottentomatoes.com/m/heroes-and-villians/","N/A","N/A","N/A","N/A","True"
"50","Saving Grace","2007–2010","TV-MA","23 Jul 2007","60 min","Drama, Fantasy","N/A","Nancy Miller","Holly Hunter, Leon Rippy, Kenny Johnson, Bailey Chase","An angel offers a jaded Oklahoma City police detective the chance to redeem her life.","English","USA","Nominated for 1 Golden Globe. Another 5 wins & 17 nominations.","https://images-na.ssl-images-amazon.com/images/M/MV5BMjIxNzQzOTg4OV5BMl5BanBnXkFtZTcwMjM3MjM2Mg@@._V1_SX300.jpg","Internet Movie Database","7.6/10","N/A","7.6","3,973","tt0830900","series","3","N/A","N/A","N/A","N/A","N/A","N/A","N/A","79","3.6","2724","http://www.rottentomatoes.com/m/saving_grace_2008/","01 Dec 2008","N/A","N/A","N/A","True"
"51","Life","2007–2009","N/A","26 Sep 2007","45 min","Crime, Drama, Mystery","N/A","Rand Ravich","Damian Lewis, Sarah Shahi, Adam Arkin, Brent Sexton","A former police officer returns to the force after having been wrongly imprisoned for years.","English","USA","2 wins & 3 nominations.","https://images-na.ssl-images-amazon.com/images/M/MV5BMTQ2NjAwMDIwNV5BMl5BanBnXkFtZTcwMzcxNTAwMg@@._V1_SX300.jpg","Internet Movie Database","8.3/10","N/A","8.3","30,256","tt0874936","series","2","N/A","N/A","N/A","N/A","N/A","N/A","N/A","N/A","N/A","N/A","N/A","N/A","N/A","N/A","N/A","True"
"52","Shaun the Sheep","2007–","TV-G","05 Mar 2007","7 min","Animation, Short, Comedy","N/A","David Fine, Alison Snowden, Richard Starzak","Justin Fletcher, John Sparkes, Richard Webber, Kate Harbour","Shaun is a sheep who doesn't follow the flock - in fact, he leads them into all sorts of scrapes and scraps, turning peace in the valley into mayhem in the meadow. Shaun and his pals run ...","English","UK","5 wins & 2 nominations.","https://images-na.ssl-images-amazon.com/images/M/MV5BMTU2MTcyNTY5Ml5BMl5BanBnXkFtZTgwODM1Mzc1NjE@._V1._CR108,0,293,336_SY132_CR13,0,89,132_AL_.jpg_V1_SX300.jpg","Internet Movie Database","8.3/10","N/A","8.3","8,684","tt0983983","series","5","N/A","N/A","N/A","N/A","N/A","N/A","N/A","79","4.1","86","http://www.rottentomatoes.com/m/shaun_the_sheep_the_big_chase/","19 Apr 2011","N/A","N/A","N/A","True"
"53","The Inbetweeners","2008–2010","TV-14","25 Jan 2010","25 min","Comedy","N/A","N/A","Simon Bird, James Buckley, Blake Harrison, Joe Thomas","Follows four friends and their antics during their final years of school.","English","UK","13 wins & 13 nominations.","https://images-na.ssl-images-amazon.com/images/M/MV5BMTUyNDg1NjE1OF5BMl5BanBnXkFtZTcwOTA0MTY0Mg@@._V1._CR36,1,300,446_SX89_AL_.jpg_V1_SX300.jpg","Internet Movie Database","8.4/10","N/A","8.4","61,585","tt1220617","series","3","N/A","N/A","N/A","N/A","N/A","N/A","N/A","N/A","N/A","N/A","N/A","N/A","N/A","N/A","N/A","True"
"54","Wuthering Heights","2009–","N/A","18 Jan 2009","142 min","Drama, Romance","N/A","N/A","Tom Hardy, Charlotte Riley, Andrew Lincoln, Sarah Lancashire","Foundling Heathcliff is raised by the wealthy Earnshaws in Yorkshire but in later life launches a vendetta against the family.","English","UK","N/A","https://images-na.ssl-images-amazon.com/images/M/MV5BMTg5MTQzMzQ0OV5BMl5BanBnXkFtZTgwNTk1MjA2MDE@._V1_SX300.jpg","Internet Movie Database","7.7/10","N/A","7.7","6,626","tt1238834","series","1","N/A","N/A","N/A","N/A","N/A","N/A","N/A","85","4.0","1682","http://www.rottentomatoes.com/m/1214087-wuthering_heights/","13 Oct 2009","N/A","Independent Television (ITV)","http://www.pbs.org/wgbh/masterpiece/wutheringheights/index.html","True"
"55","Sonny with a Chance","2009–2011","TV-G","08 Feb 2009","23 min","Comedy, Family, Romance","N/A","Steve Marmel","Demi Lovato, Tiffany Thornton, Sterling Knight, Brandon Mychal Smith","Sonny, a talented Midwestern girl, has won a nationwide talent search to move to Los Angeles and star in a popular television series. Sonny's home and work life is documented along with her adjustment to life in the spotlight.","English","USA","2 wins & 6 nominations.","https://images-na.ssl-images-amazon.com/images/M/MV5BOWQxZmU4YWEtNDRiZi00ZjA4LTk3Y2UtNmJlMWI5MWI4MzQxXkEyXkFqcGdeQXVyMTkzODUwNzk@._V1_SX300.jpg","Internet Movie Database","6.2/10","N/A","6.2","8,192","tt1252374","series","2","N/A","N/A","N/A","N/A","N/A","N/A","N/A","N/A","N/A","N/A","N/A","N/A","N/A","N/A","N/A","True"
"56","Meet the Browns","2009–2012","N/A","07 Jan 2009","30 min","Comedy","N/A","Tyler Perry","Denise Boutte, Tamela J. Mann, David Mann, Lamman Rucker","For Cora Simmons, living at home as a grown adult has its challenges. Especially when you have Mr. Brown as a daddy.","English","USA","1 win & 4 nominations.","https://images-na.ssl-images-amazon.com/images/M/MV5BMjA1MTQwNjczNF5BMl5BanBnXkFtZTcwOTEyMTA3NQ@@._V1_SX300.jpg","Internet Movie Database","3.7/10","N/A","3.7","1,964","tt1319598","series","4","N/A","N/A","N/A","N/A","N/A","N/A","N/A","N/A","N/A","N/A","N/A","N/A","N/A","N/A","N/A","True"
"57","Carlos","2010–","NOT RATED","11 Oct 2010","334 min","Biography, Crime, Drama","N/A","N/A","Edgar Ramírez, Alexander Scheer, Fadi Abi Samra, Lamia Ahmed","The story of Venezuelan revolutionary Ilich Ramírez Sánchez, who founded a worldwide terrorist organization and raided the 1975 OPEC meeting.","English, Arabic, German, Spanish, French, Hungarian, Japanese, Russian","France, Germany","Won 1 Golden Globe. Another 16 wins & 39 nominations.","https://images-na.ssl-images-amazon.com/images/M/MV5BZmFhZDgxYWItYTQyMC00YWVhLTg3NjgtMDcyMDk5Y2ZiNjgwXkEyXkFqcGdeQXVyNDkzNTM2ODg@._V1_SX300.jpg","Internet Movie Database","7.7/10","94","7.7","10,987","tt1321865","series","1","N/A","N/A","N/A","N/A","N/A","N/A","N/A","N/A","N/A","N/A","N/A","N/A","N/A","N/A","N/A","True"
"58","Emma","2009–","N/A","24 Jan 2010","240 min","Comedy, Drama, Romance","N/A","N/A","Romola Garai, Michael Gambon, Jonny Lee Miller, Jodhi May","Emma Woodhouse seems to be perfectly content, a loving father whom she cares for, friends, and a home. But Emma has a terrible habit - matchmaking. She cannot resist finding suitors for her...","English","UK","Nominated for 1 Golden Globe. Another 1 win & 8 nominations.","https://images-na.ssl-images-amazon.com/images/M/MV5BMTgxMDc1MzQxMV5BMl5BanBnXkFtZTcwMzY0MzUwMw@@._V1_SX300.jpg","Internet Movie Database","8.2/10","N/A","8.2","11,373","tt1366312","series","1","N/A","N/A","N/A","N/A","N/A","N/A","N/A","N/A","N/A","N/A","N/A","N/A","N/A","N/A","N/A","True"
"59","Spartacus: War of the Damned","2010–2013","TV-MA","22 Jan 2010","55 min","Action, Adventure, Biography","N/A","Steven S. DeKnight","Manu Bennett, Daniel Feuerriegel, Peter Mensah, Lucy Lawless","Watch the story of history's greatest gladiator unfold with graphic violence and the passions of the women that love them. This is Spartacus.","English","USA","4 wins & 14 nominations.","https://images-na.ssl-images-amazon.com/images/M/MV5BOTA2NDU2MzM5Nl5BMl5BanBnXkFtZTcwMTk3Njg3OA@@._V1_SX300.jpg","Internet Movie Database","8.6/10","N/A","8.6","184,526","tt1442449","series","3","N/A","N/A","N/A","N/A","N/A","N/A","N/A","N/A","N/A","N/A","N/A","N/A","N/A","N/A","N/A","True"
"60","Luther","2010–2016","TV-MA","17 Oct 2010","60 min","Crime, Drama, Mystery","N/A","Neil Cross","Idris Elba, Warren Brown, Dermot Crowley, Michael Smiley","A crime drama series starring Idris Elba as a near-genius murder detective whose brilliant mind can't always save him from the dangerous violence of his passions.","English","UK","Won 1 Golden Globe. Another 13 wins & 62 nominations.","https://images-na.ssl-images-amazon.com/images/M/MV5BMWJiYTNjZDAtZDY2NS00YzA2LWE0MTAtMTQ0ZjAyMjQ1ZTQ1XkEyXkFqcGdeQXVyNTA4NzY1MzY@._V1_SX300.jpg","Internet Movie Database","8.6/10","N/A","8.6","80,878","tt1474684","series","4","N/A","N/A","N/A","N/A","N/A","N/A","N/A","N/A","N/A","N/A","N/A","N/A","N/A","N/A","N/A","True"
"61","Nikita","2010–2013","N/A","09 Sep 2010","60 min","Action, Crime, Drama","N/A","Craig Silverstein","Maggie Q, Shane West, Lyndsy Fonseca, Aaron Stanford","A rogue assassin returns to take down the secret organization that trained her.","English","USA","Nominated for 2 Primetime Emmys. Another 2 wins & 22 nominations.","https://images-na.ssl-images-amazon.com/images/M/MV5BMjIxMDAyOTMzMV5BMl5BanBnXkFtZTcwMjE5NTc4NA@@._V1_SX300.jpg","Internet Movie Database","7.7/10","N/A","7.7","43,798","tt1592154","series","4","N/A","N/A","N/A","N/A","N/A","N/A","N/A","N/A","N/A","N/A","N/A","N/A","N/A","N/A","N/A","True"
"62","Perception","2012–2015","TV-14","09 Jul 2012","42 min","Crime, Drama, Mystery","N/A","Kenneth Biller, Michael Sussman","Eric McCormack, Rachael Leigh Cook, Kelly Rowan, Arjay Smith","Dr. Daniel Pierce is an eccentric neuropsychiatrist who uses his unique outlook to help the federal government solve complex criminal cases.","English","USA","2 wins & 4 nominations.","https://images-na.ssl-images-amazon.com/images/M/MV5BMTk4MzIwNzU1NF5BMl5BanBnXkFtZTgwMTk3NzQxMDE@._V1_SX300.jpg","Internet Movie Database","7.5/10","N/A","7.5","16,408","tt1714204","series","3","N/A","N/A","N/A","N/A","N/A","N/A","N/A","N/A","N/A","N/A","N/A","N/A","N/A","N/A","N/A","True"
"63","Last Man Standing","2011–2017","TV-PG","11 Oct 2011","30 min","Comedy","N/A","Jack Burditt","Tim Allen, Nancy Travis, Molly Ephraim, Kaitlyn Dever","A married father of three tries to maintain his manliness in a world increasingly dominated by women.","English","USA","Nominated for 1 Primetime Emmy. Another 5 wins & 6 nominations.","https://images-na.ssl-images-amazon.com/images/M/MV5BZWI5NTI2YzQtNGJmZi00ZWI5LWIwY2ItMTEzYWNmYmJlYzI0XkEyXkFqcGdeQXVyMzAzNTY3MDM@._V1_SX300.jpg","Internet Movie Database","7.5/10","N/A","7.5","18,916","tt1828327","series","6","N/A","N/A","N/A","N/A","N/A","N/A","N/A","N/A","N/A","N/A","N/A","N/A","N/A","N/A","N/A","True"
"64","Unforgettable","2011–2016","TV-14","20 Sep 2011","60 min","Crime, Drama, Mystery","N/A","John Bellucci, Ed Redlich","Poppy Montgomery, Dylan Walsh, James Hiroyuki Liao, Jane Curtin","Carrie Wells, a former police detective, has a rare ability to remember virtually everything she experiences including detailed visual recall. She returns to police work and uses her ability to solve crimes.","N/A","USA","1 nomination.","https://images-na.ssl-images-amazon.com/images/M/MV5BMTYwMzU5NDM5Ml5BMl5BanBnXkFtZTcwMjkyOTYzNg@@._V1_SX300.jpg","Internet Movie Database","6.7/10","N/A","6.7","13,552","tt1842530","series","4","N/A","N/A","N/A","N/A","N/A","N/A","N/A","N/A","N/A","N/A","N/A","N/A","N/A","N/A","N/A","True"
"65","Lilyhammer","2012–2014","TV-MA","25 Jan 2012","45 min","Comedy, Crime, Drama","N/A","Eilif Skodvin, Anne Bjørnstad","Steven Van Zandt, Trond Fausa, Steinar Sagen, Marian Saastad Ottesen","A New York mobster goes into hiding in rural Lillehammer in Norway after testifying against his former associates.","English, Norwegian","Norway, USA","6 wins & 1 nomination.","https://images-na.ssl-images-amazon.com/images/M/MV5BMTU5NjAyOTkyM15BMl5BanBnXkFtZTgwNzIzODAwMzE@._V1_SX300.jpg","Internet Movie Database","8.1/10","N/A","8.1","20,582","tt1958961","series","3","N/A","N/A","N/A","N/A","N/A","N/A","N/A","N/A","N/A","N/A","N/A","N/A","N/A","N/A","N/A","True"
"66","Anger Management","2012–2014","N/A","28 Jun 2012","22 min","Comedy, Romance","N/A","Bruce Helford","Shawnee Smith, Charlie Sheen, Noureen DeWulf, Michael Arden","Divorced former baseball player Charlie Goodson is now an anger management therapist. He has a teenage daughter with obsessive-compulsive disorder and he has a purely sexual relationship ...","English","USA","2 nominations.","https://images-na.ssl-images-amazon.com/images/M/MV5BMTQzOTUzNjIwMV5BMl5BanBnXkFtZTcwNjkxNTQ4Nw@@._V1_SX300.jpg","Internet Movie Database","6.7/10","N/A","6.7","27,849","tt1986770","series","2","N/A","N/A","N/A","N/A","N/A","N/A","N/A","N/A","N/A","N/A","N/A","N/A","N/A","N/A","N/A","True"
"67","Gomorrah","2014–","TV-MA","N/A","55 min","Crime, Drama, Thriller","N/A","Leonardo Fasoli, Stefano Bises, Ludovica Rampoldi, Giovanni Bianconi, Roberto Saviano","Marco D'Amore, Fortunato Cerlino, Salvatore Esposito, Fabio De Caro","Ciro disregards tradition in his attempt to become the next boss of his crime syndicate. The internal power struggle puts him and his entire family's life at risk.","Italian","Italy, Germany","8 wins & 1 nomination.","https://images-na.ssl-images-amazon.com/images/M/MV5BMTQ4NDM0MjI5NF5BMl5BanBnXkFtZTgwOTE2MDUxMjE@._V1_SX300.jpg","Internet Movie Database","8.7/10","N/A","8.7","13,548","tt2049116","series","2","N/A","N/A","N/A","N/A","N/A","N/A","N/A","N/A","N/A","N/A","N/A","N/A","N/A","N/A","N/A","True"
"68","Revolution","2012–2014","TV-14","N/A","43 min","Action, Adventure, Drama","N/A","Eric Kripke","Billy Burke, Tracy Spiridakos, Giancarlo Esposito, Zak Orth","Fifteen years after a permanent global blackout, a group of revolutionaries seeks to drive out an occupying force posing as the United States Government.","English","USA","Won 1 Primetime Emmy. Another 3 wins & 11 nominations.","https://images-na.ssl-images-amazon.com/images/M/MV5BMjI5ODk1NzA2OV5BMl5BanBnXkFtZTgwNzM3NjQ0MDE@._V1_SX300.jpg","Internet Movie Database","6.7/10","N/A","6.7","74,671","tt2070791","series","2","N/A","N/A","N/A","N/A","N/A","N/A","N/A","N/A","N/A","N/A","N/A","N/A","N/A","N/A","N/A","True"
"69","The Following","2013–2015","TV-14","21 Jan 2013","43 min","Crime, Drama, Mystery","N/A","Kevin Williamson","Kevin Bacon, Shawn Ashmore, James Purefoy, Sam Underwood","A brilliant and charismatic, yet psychotic serial killer communicates with other active serial killers and activates a cult of believers following his every command.","English","USA","3 wins & 13 nominations.","https://images-na.ssl-images-amazon.com/images/M/MV5BMTUxNTk0MjUwOV5BMl5BanBnXkFtZTgwOTE4MDc2NDE@._V1_SX300.jpg","Internet Movie Database","7.5/10","N/A","7.5","76,497","tt2071645","series","3","N/A","N/A","N/A","N/A","N/A","N/A","N/A","N/A","N/A","N/A","N/A","N/A","N/A","N/A","N/A","True"
"70","Defiance","2013–2015","TV-MA","15 Apr 2013","43 min","Action, Drama, Sci-Fi","N/A","Kevin Murphy, Rockne S. O'Bannon, Michael Taylor","Grant Bowler, Julie Benz, Stephanie Leonidas, Tony Curran","In the year 2046, it's a new Earth - with new rules. Over thirty years after various alien races arrived on Earth, the landscape is completely altered, terraformed nearly beyond recognition...","English, Hebrew","USA","Nominated for 1 Primetime Emmy. Another 3 nominations.","https://images-na.ssl-images-amazon.com/images/M/MV5BMjkwODU5ODk5MF5BMl5BanBnXkFtZTgwMDQzMTYzNTE@._V1_SX300.jpg","Internet Movie Database","7.0/10","N/A","7.0","35,419","tt2189221","series","3","N/A","N/A","N/A","N/A","N/A","N/A","N/A","N/A","N/A","N/A","N/A","N/A","N/A","N/A","N/A","True"
"71","Hannibal","2013–2015","TV-14","04 Apr 2013","44 min","Crime, Drama, Horror","N/A","Bryan Fuller","Hugh Dancy, Mads Mikkelsen, Caroline Dhavernas, Laurence Fishburne","Explores the early relationship between the renowned psychiatrist and his patient, a young FBI criminal profiler, who is haunted by his ability to empathize with serial killers.","English","USA","Nominated for 1 Primetime Emmy. Another 15 wins & 45 nominations.","https://images-na.ssl-images-amazon.com/images/M/MV5BMjU1NTgyNjI5OF5BMl5BanBnXkFtZTgwNDgxNDA4NTE@._V1_SX300.jpg","Internet Movie Database","8.6/10","N/A","8.6","175,511","tt2243973","series","3","N/A","N/A","N/A","N/A","N/A","N/A","N/A","N/A","N/A","N/A","N/A","N/A","N/A","N/A","N/A","True"
"72","Twisted","2013–2014","N/A","11 Jun 2013","60 min","Drama, Mystery, Thriller","N/A","Adam Milch","Avan Jogia, Maddie Hasson, Ashton Moio, Kimberly Quinn","A teen with a troubled past reconnects with his two female best friends from childhood. He becomes the prime suspect when a fellow student is surprisingly found dead in her home.","English","USA","5 nominations.","https://images-na.ssl-images-amazon.com/images/M/MV5BMTM3MjU0NTQ3N15BMl5BanBnXkFtZTcwMjg5MTU0OQ@@._V1_SX300.jpg","Internet Movie Database","7.5/10","N/A","7.5","8,305","tt2355844","series","1","N/A","N/A","N/A","N/A","N/A","N/A","N/A","N/A","N/A","N/A","N/A","N/A","N/A","N/A","N/A","True"
"73","Hit the Floor","2013–","N/A","27 May 2013","60 min","Drama, Romance","N/A","James LaRosa","Kimberly Elise, Taylour Paige, Logan Browning, Katherine Bailess","Ahsha Hayes enters the wild world of professional basketball when she tries out for the elite L.A. Devil Girls dance team against the wishes of her mother Sloane, a former dancer herself.","English","USA","1 nomination.","https://images-na.ssl-images-amazon.com/images/M/MV5BMjE0MzU2NTQ3Nl5BMl5BanBnXkFtZTgwODQ3NTI2NzE@._V1_SX300.jpg","Internet Movie Database","7.1/10","N/A","7.1","1,914","tt2368645","series","3","N/A","N/A","N/A","N/A","N/A","N/A","N/A","N/A","N/A","N/A","N/A","N/A","N/A","N/A","N/A","True"
"74","Rogue","2013–","N/A","03 Apr 2013","50 min","Action, Crime, Drama","N/A","Matthew Parkhill","Cole Hauser, Thandie Newton, Sergio Di Zio, Sarah Jeffery","Grace, a morally and emotionally-conflicted undercover detective, is tormented by the possibility that her own actions contributed to her son's mysterious death. In her quest for the truth,...","English","USA, Canada","2 wins & 14 nominations.","https://images-na.ssl-images-amazon.com/images/M/MV5BMTYxMDkyMTI2N15BMl5BanBnXkFtZTcwOTY0MzQ5OA@@._V1_SX300.jpg","Internet Movie Database","6.9/10","N/A","6.9","2,016","tt2397255","series","4","N/A","N/A","N/A","N/A","N/A","N/A","N/A","N/A","N/A","N/A","N/A","N/A","N/A","N/A","N/A","True"
"75","The Returned","2012–","TV-MA","31 Oct 2013","52 min","Drama, Fantasy, Horror","N/A","Fabrice Gobert","Anne Consigny, Clotilde Hesme, Frédéric Pierrot, Céline Sallette","The Returned opens in a small mountain community which is rocked to its core when several local people who are presumed dead suddenly re-appear at their homes. Despite having passed away ...","French","France","3 wins & 4 nominations.","https://images-na.ssl-images-amazon.com/images/M/MV5BMmE4ODQ3NzUtNWM2NC00YjQ1LTk2ZTQtMWE0NWU5YzFkYjY3XkEyXkFqcGdeQXVyNzA5NjUyNjM@._V1_SX300.jpg","Internet Movie Database","8.2/10","N/A","8.2","16,942","tt2521668","series","2","N/A","N/A","N/A","N/A","N/A","N/A","N/A","N/A","N/A","N/A","N/A","N/A","N/A","N/A","N/A","True"
"76","Sleepy Hollow","2013–2017","TV-14","16 Sep 2013","45 min","Adventure, Drama, Fantasy","N/A","Phillip Iscove, Alex Kurtzman, Roberto Orci, Len Wiseman","Tom Mison, Lyndie Greenwood, Nicole Beharie, Orlando Jones","Ichabod Crane is resurrected and pulled two and a half centuries through time to unravel a mystery that dates all the way back to the founding fathers.","English","USA","Nominated for 1 Primetime Emmy. Another 30 nominations.","https://images-na.ssl-images-amazon.com/images/M/MV5BMTc4MzkwMjY5NF5BMl5BanBnXkFtZTgwNDY5Mzk4NjE@._V1_SX300.jpg","Internet Movie Database","7.5/10","N/A","7.5","52,172","tt2647544","series","4","N/A","N/A","N/A","N/A","N/A","N/A","N/A","N/A","N/A","N/A","N/A","N/A","N/A","N/A","N/A","True"
"77","Fargo","2014–","TV-MA","15 Apr 2014","53 min","Crime, Drama, Thriller","N/A","N/A","Allison Tolman, Billy Bob Thornton, Colin Hanks, Martin Freeman","Various chronicles of deception, intrigue and murder in and around frozen Minnesota. Yet all of these tales mysteriously lead back one way or another to Fargo, ND.","English","USA","Won 2 Golden Globes. Another 37 wins & 128 nominations.","https://images-na.ssl-images-amazon.com/images/M/MV5BMTg5NTYxNjkyNl5BMl5BanBnXkFtZTgwNzY1Mjg4MTI@._V1_SX300.jpg","Internet Movie Database","9.0/10","N/A","9.0","206,245","tt2802850","series","3","N/A","N/A","N/A","N/A","N/A","N/A","N/A","N/A","N/A","N/A","N/A","N/A","N/A","N/A","N/A","True"
"78","Outlander","2014–","TV-MA","09 Aug 2014","64 min","Drama, Romance, Sci-Fi","N/A","Ronald D. Moore","Caitriona Balfe, Sam Heughan, Duncan Lacroix, Tobias Menzies","Follows the story of Claire Randall, a married combat nurse from 1945 who is mysteriously swept back in time to 1743, where she is immediately thrown into an unknown world where her life is...","English, Scottish Gaelic","USA","Nominated for 4 Golden Globes. Another 21 wins & 28 nominations.","https://images-na.ssl-images-amazon.com/images/M/MV5BMjMzODc3ODI2M15BMl5BanBnXkFtZTgwNzcwNjk0ODE@._V1_SX300.jpg","Internet Movie Database","8.5/10","N/A","8.5","60,382","tt3006802","series","4","N/A","N/A","N/A","N/A","N/A","N/A","N/A","N/A","N/A","N/A","N/A","N/A","N/A","N/A","N/A","True"
"79","12 Monkeys","2015–","TV-14","16 Jan 2015","42 min","Adventure, Drama, Mystery","N/A","Travis Fickett, Terry Matalas","Aaron Stanford, Amanda Schull, Barbara Sukowa, Kirk Acevedo","Follows the journey of a time traveler from the post-apocalyptic future who appears in present day on a mission to locate and eradicate the source of a deadly plague that will nearly destroy the human race.","English","USA","3 wins & 4 nominations.","https://images-na.ssl-images-amazon.com/images/M/MV5BMTkwOTcxNzMzOV5BMl5BanBnXkFtZTgwODYxNjg0ODE@._V1_SX300.jpg","Internet Movie Database","7.6/10","N/A","7.6","26,117","tt3148266","series","4","N/A","N/A","N/A","N/A","N/A","N/A","N/A","N/A","N/A","N/A","N/A","N/A","N/A","N/A","N/A","True"
"80","Empire","2015–","TV-14","07 Jan 2015","42 min","Drama, Music","N/A","Lee Daniels, Danny Strong","Terrence Howard, Bryshere Y. Gray, Jussie Smollett, Trai Byers","A hip-hop mogul must choose a successor among his three sons who are battling for control over his multi-million dollar company, while his ex-wife schemes to reclaim what is hers.","English","USA","Won 1 Golden Globe. Another 22 wins & 75 nominations.","https://images-na.ssl-images-amazon.com/images/M/MV5BMTYzODcwMzQxN15BMl5BanBnXkFtZTgwMjk3Mjc3OTE@._V1_SX300.jpg","Internet Movie Database","7.7/10","N/A","7.7","31,031","tt3228904","series","3","N/A","N/A","N/A","N/A","N/A","N/A","N/A","N/A","N/A","N/A","N/A","N/A","N/A","N/A","N/A","True"
"81","Daredevil","2015–","TV-MA","10 Apr 2015","54 min","Action, Crime, Drama","N/A","Drew Goddard","Charlie Cox, Deborah Ann Woll, Elden Henson, Vincent D'Onofrio","Matt Murdock, with his other senses superhumanly enhanced, fights crime as a blind lawyer by day, and vigilante by night.","English","USA","Nominated for 5 Primetime Emmys. Another 3 wins & 14 nominations.","https://images-na.ssl-images-amazon.com/images/M/MV5BNzUwMDEyMTIxM15BMl5BanBnXkFtZTgwNDU3OTYyODE@._V1_SX300.jpg","Internet Movie Database","8.7/10","N/A","8.7","257,159","tt3322312","series","3","N/A","N/A","N/A","N/A","N/A","N/A","N/A","N/A","N/A","N/A","N/A","N/A","N/A","N/A","N/A","True"
"82","Happy Valley","2014–","TV-MA","29 Apr 2014","58 min","Crime, Drama","N/A","Sally Wainwright","Sarah Lancashire, Siobhan Finneran, Shane Zaza, Charlie Murphy","Catherine Cawood is the sergeant on duty when flustered and nervous accountant Kevin Weatherill comes into her West Yorkshire station to report a crime.","English","UK","14 wins & 16 nominations.","https://images-na.ssl-images-amazon.com/images/M/MV5BOWUzOGIzMmUtNGExYy00NTNjLThlY2MtMzExOTcyY2NlZGYwXkEyXkFqcGdeQXVyMjExMjk0ODk@._V1_SX300.jpg","Internet Movie Database","8.5/10","N/A","8.5","17,965","tt3428912","series","2","N/A","N/A","N/A","N/A","N/A","N/A","N/A","N/A","N/A","N/A","N/A","N/A","N/A","N/A","N/A","True"
"83","Deadline Gallipoli","2015–","N/A","19 Apr 2015","197 min","Drama, War","N/A","N/A","Sam Worthington, Hugh Dancy, Joel Jackson, Charles Dance","Three journalists, Charles Bean, Ellis Ashmead Bartlett and Phillip Schuler, arrive at Gallipoli with the invading British and Allied troops in 1915. They will report the war but are ...","English","Australia","5 wins & 10 nominations.","https://images-na.ssl-images-amazon.com/images/M/MV5BMTY1NjQ5MzMzNl5BMl5BanBnXkFtZTgwNDQ4MzI4NTE@._V1_SX300.jpg","Internet Movie Database","7.3/10","N/A","7.3","432","tt3458030","series","1","N/A","N/A","N/A","N/A","N/A","N/A","N/A","N/A","N/A","N/A","N/A","N/A","N/A","N/A","N/A","True"
"84","Constantine","2014–2015","TV-14","24 Oct 2014","43 min","Drama, Fantasy, Horror","N/A","Daniel Cerone, David S. Goyer","Matt Ryan, Harold Perrineau, Angélica Celaya, Charles Halford","A man struggling with his faith who is haunted by the sins of his past is suddenly thrust into the role of defending humanity from the gathering forces of darkness.","English","USA","Nominated for 1 Primetime Emmy. Another 5 nominations.","https://images-na.ssl-images-amazon.com/images/M/MV5BMTQ2MzQzMjA2NF5BMl5BanBnXkFtZTgwODg1MTI4MjE@._V1_SX300.jpg","Internet Movie Database","7.5/10","N/A","7.5","40,415","tt3489184","series","1","N/A","N/A","N/A","N/A","N/A","N/A","N/A","N/A","N/A","N/A","N/A","N/A","N/A","N/A","N/A","True"
"85","The Messengers","2015","N/A","17 Apr 2015","60 min","Drama, Fantasy, Mystery","N/A","Eoghan O'Donnell","Shantel VanSanten, Diogo Morgado, JD Pardo, Joel Courtney","A mysterious object crashes on earth and a group of unconnected strangers die from an energy pulse it emits, but then re-awaken to find out that they have been deemed responsible for preventing the impending Apocalypse.","English","USA","1 nomination.","https://images-na.ssl-images-amazon.com/images/M/MV5BMTEwMjc3MTU5NjleQTJeQWpwZ15BbWU4MDgxNDkxMDUx._V1_SX300.jpg","Internet Movie Database","6.6/10","N/A","6.6","7,707","tt3513704","series","1","N/A","N/A","N/A","N/A","N/A","N/A","N/A","N/A","N/A","N/A","N/A","N/A","N/A","N/A","N/A","True"
"86","Secrets and Lies","2015–2016","N/A","01 Mar 2015","43 min","Crime, Drama","N/A","Barbie Kligman","Juliette Lewis, Ryan Phillippe, KaDee Strickland, Jordana Brewster","Each series, a detective focuses on the prime suspect in a murder case; but everyone has something to hide.","English","USA","1 win & 1 nomination.","https://images-na.ssl-images-amazon.com/images/M/MV5BNmQ3NjFmYmMtM2M1YS00ZjdhLWI3NTQtODEwNWZmNTlhZGMxXkEyXkFqcGdeQXVyMzAzNTY3MDM@._V1_SX300.jpg","Internet Movie Database","7.7/10","N/A","7.7","8,835","tt3516878","series","2","N/A","N/A","N/A","N/A","N/A","N/A","N/A","N/A","N/A","N/A","N/A","N/A","N/A","N/A","N/A","True"
"87","Trapped","2015–","N/A","03 Jan 2016","60 min","Crime, Drama, Thriller","N/A","Baltasar Kormákur","Ólafur Darri Ólafsson, Ilmur Kristjánsdóttir, Ingvar Eggert Sigurðsson, Nína Dögg Filippusdóttir","In a remote town in Iceland, Police desperately try to solve a crime as a powerful storm descends upon the town.","Icelandic, English, Danish","Iceland","3 wins & 4 nominations.","https://images-na.ssl-images-amazon.com/images/M/MV5BMjEwOTQ0OTIwNV5BMl5BanBnXkFtZTgwNTAwODY2NzE@._V1_SX300.jpg","Internet Movie Database","8.2/10","N/A","8.2","4,549","tt3561180","series","1","N/A","N/A","N/A","N/A","N/A","N/A","N/A","N/A","N/A","N/A","N/A","N/A","N/A","N/A","N/A","True"
"88","The Girlfriend Experience","2016–","TV-MA","10 Apr 2016","27 min","Drama","N/A","N/A","Anna Friel, Carmen Ejogo, Louisa Krause, Riley Keough","TV series based on Steven Soderbergh's ""The Girlfriend Experience"", which centered on the life of a New York call girl.","English","USA","Nominated for 1 Golden Globe. Another 1 win & 5 nominations.","https://images-na.ssl-images-amazon.com/images/M/MV5BMTUwODU5MTI4NF5BMl5BanBnXkFtZTgwMjM4MTgyNzE@._V1_SX300.jpg","Internet Movie Database","7.3/10","N/A","7.3","5,274","tt3846642","series","1","N/A","N/A","N/A","N/A","N/A","N/A","N/A","N/A","N/A","N/A","N/A","N/A","N/A","N/A","N/A","True"
"89","The Missing","2014–","N/A","N/A","60 min","Crime, Drama, Mystery","N/A","N/A","Tchéky Karyo, Anastasia Hille, James Nesbitt, Frances O'Connor","When Tony and Emily Hughes travel to France with their 5-year-old son Oliver, their family holiday turns into a nightmare when Oliver disappears from a large celebrating crowd in Northern France.","English, French","UK, USA, Belgium, France","Nominated for 2 Golden Globes. Another 4 wins & 16 nominations.","https://images-na.ssl-images-amazon.com/images/M/MV5BNTk2NzU4OTc0Ml5BMl5BanBnXkFtZTgwNzcwNzMwNDE@._V1_SX300.jpg","Internet Movie Database","8.2/10","N/A","8.2","13,290","tt3877200","series","2","N/A","N/A","N/A","N/A","N/A","N/A","N/A","N/A","N/A","N/A","N/A","N/A","N/A","N/A","N/A","True"
"90","War & Peace","2016–","TV-14","18 Jan 2016","379 min","Drama, History, Romance","N/A","N/A","Paul Dano, James Norton, Lily James, Adrian Edmondson","As the Russian conflict with Napoleon reaches its peak, five aristocratic families face the possibility of their lives being changed forever.","English","UK","Nominated for 1 Primetime Emmy. Another 2 wins & 14 nominations.","https://images-na.ssl-images-amazon.com/images/M/MV5BMTUxNzY5MzgwNV5BMl5BanBnXkFtZTgwNDM0NDgxNzE@._V1_SX300.jpg","Internet Movie Database","8.2/10","N/A","8.2","12,918","tt3910804","series","1","N/A","N/A","N/A","N/A","N/A","N/A","N/A","N/A","N/A","N/A","N/A","N/A","N/A","N/A","N/A","True"
"91","Scream: The TV Series","2015–","TV-14","30 Jun 2015","45 min","Crime, Drama, Horror","N/A","Jay Beattie, Jill E. Blotevogel, Dan Dworkin","Willa Fitzgerald, John Karna, Carlson Young, Bex Taylor-Klaus","What starts as a YouTube video going viral soon leads to problems for the teenagers of Lakewood and serves as the catalyst for a serial killer.","English","USA","3 wins & 10 nominations.","https://images-na.ssl-images-amazon.com/images/M/MV5BNjVmY2M3ZTUtMDhkZC00ODk4LTkwMjktNDRjNGRjYTIxZGZiXkEyXkFqcGdeQXVyNjEwNTM2Mzc@._V1_SX300.jpg","Internet Movie Database","7.3/10","N/A","7.3","24,088","tt3921180","series","3","N/A","N/A","N/A","N/A","N/A","N/A","N/A","N/A","N/A","N/A","N/A","N/A","N/A","N/A","N/A","True"
"92","The Border","2014–","N/A","12 Oct 2014","41 min","Action, Crime, Drama","N/A","Wiktor Piatkowski","Leszek Lichota, Bartlomiej Topa, Aleksandra Poplawska, Magdalena Poplawska","After bombing attack, which killed his friends from the Border Guard, Captain Wiktor Rebrow trying to unravel the mystery and figure out what happened and who is behind it all.","Polish","Poland","N/A","https://images-na.ssl-images-amazon.com/images/M/MV5BMzY1ZGFjODYtODAyMS00YzUwLTlkZGItNTM3YmY4MDlmMTkxXkEyXkFqcGdeQXVyMTc4MzI2NQ@@._V1_SX300.jpg","Internet Movie Database","7.3/10","N/A","7.3","407","tt4048942","series","1","N/A","N/A","N/A","N/A","N/A","N/A","N/A","N/A","N/A","N/A","N/A","N/A","N/A","N/A","N/A","True"
"93","Lovesick","2014–","N/A","15 Apr 2015","24 min","Comedy","N/A","Tom Edge","Johnny Flynn, Antonia Thomas, Daniel Ings, Hannah Britland","After finding out he has an STD, Dylan must get back in touch with every girl he has ever had sex with to let them know the bad news.","English","UK","2 nominations.","https://images-na.ssl-images-amazon.com/images/M/MV5BMTQ1NjUxMDA3M15BMl5BanBnXkFtZTgwNjI0MTI1NTE@._V1_SX300.jpg","Internet Movie Database","8.1/10","N/A","8.1","6,640","tt4051832","series","2","N/A","N/A","N/A","N/A","N/A","N/A","N/A","N/A","N/A","N/A","N/A","N/A","N/A","N/A","N/A","True"
"94","Rush Hour","2016","TV-14","31 Mar 2016","43 min","Action, Comedy, Crime","N/A","Bill Lawrence, Blake McCormick","Justin Hires, Jon Foo, Aimee Garcia, Page Kennedy","TV show based on the action-comedy 'Rush Hour' films about an L.A. cop who teams up with a detective from Hong Kong.","English","USA","N/A","https://images-na.ssl-images-amazon.com/images/M/MV5BNTViODJjYzQtMDIyYi00OWFkLWEyMTktNGJhYTY4ZGQzZmVkXkEyXkFqcGdeQXVyMTExNDQ2MTI@._V1_SX300.jpg","Internet Movie Database","5.8/10","N/A","5.8","2,888","tt4085584","series","1","N/A","N/A","N/A","N/A","N/A","N/A","N/A","N/A","N/A","N/A","N/A","N/A","N/A","N/A","N/A","True"
"95","Unforgotten","2015–","N/A","08 Oct 2015","45 min","Crime, Drama, Mystery","N/A","Chris Lang","Nicola Walker, Sanjeev Bhaskar, Peter Egan, Jordan Long","Police start to investigate when the bones of a young man are found under the footings of a demolished house 39 years after his murder.","English","UK","1 win.","https://images-na.ssl-images-amazon.com/images/M/MV5BNmQ1ODc5MDEtZmE0MC00NzZmLTkwNDMtMjIyOWFjOGRjN2JlXkEyXkFqcGdeQXVyMjExMjk0ODk@._V1_SX300.jpg","Internet Movie Database","8.0/10","N/A","8.0","3,277","tt4192812","series","2","N/A","N/A","N/A","N/A","N/A","N/A","N/A","N/A","N/A","N/A","N/A","N/A","N/A","N/A","N/A","True"
"96","Limitless","2015–2016","TV-14","22 Sep 2015","42 min","Comedy, Crime, Drama","N/A","Craig Sweeny","Jake McDorman, Jennifer Carpenter, Hill Harper, Mary Elizabeth Mastrantonio","An average 28-year-old man who gains the ability to use the full extent of his brain's capabilities is hired by the FBI as a consultant.","English","USA","N/A","https://images-na.ssl-images-amazon.com/images/M/MV5BMTA4ODE4NjA5ODleQTJeQWpwZ15BbWU4MDUxMTQ0NTYx._V1_SX300.jpg","Internet Movie Database","7.8/10","N/A","7.8","44,770","tt4422836","series","1","N/A","N/A","N/A","N/A","N/A","N/A","N/A","N/A","N/A","N/A","N/A","N/A","N/A","N/A","N/A","True"
"97","The Family","2016","TV-PG","03 Mar 2016","60 min","Drama, Mystery","N/A","Jenna Bans","Joan Allen, Rupert Graves, Alison Pill, Margot Bingham","A community is rattled when a politician's son, who was presumed murdered years ago, returns home.","English","USA","N/A","https://images-na.ssl-images-amazon.com/images/M/MV5BMTg1MjY4NDU4NV5BMl5BanBnXkFtZTgwNDIzNDMyODE@._V1_SX300.jpg","Internet Movie Database","7.5/10","N/A","7.5","4,005","tt4428038","series","1","N/A","N/A","N/A","N/A","N/A","N/A","N/A","N/A","N/A","N/A","N/A","N/A","N/A","N/A","N/A","True"
"98","Wolf Creek","2016–","N/A","12 May 2016","N/A","Drama, Horror, Thriller","N/A","N/A","Lucy Fry, John Jarratt, Dustin Clare, Andy McPhee","Eve, a 19-year-old American tourist is targeted by crazed serial killer Mick Taylor. She survives his attack and embarks on a mission of revenge.","English","Australia","1 win & 1 nomination.","https://images-na.ssl-images-amazon.com/images/M/MV5BMzc5NDM3MzE5Ml5BMl5BanBnXkFtZTgwMzQ2OTk0ODE@._V1_SX300.jpg","Internet Movie Database","7.1/10","N/A","7.1","2,005","tt4460878","series","1","N/A","N/A","N/A","N/A","N/A","N/A","N/A","N/A","N/A","N/A","N/A","N/A","N/A","N/A","N/A","True"
"99","A Series of Unfortunate Events","2017–","TV-PG","13 Jan 2017","50 min","Adventure, Drama, Family","N/A","N/A","Neil Patrick Harris, Patrick Warburton, Malina Weissman, Louis Hynes","After the loss of their parents in a mysterious fire, the three Baudelaire children face trials and tribulations attempting to uncover dark family secrets.","English","USA","2 nominations.","https://images-na.ssl-images-amazon.com/images/M/MV5BMTUxMjIzODI0NV5BMl5BanBnXkFtZTgwMDk3OTI2MDI@._V1_SX300.jpg","Internet Movie Database","7.9/10","N/A","7.9","26,522","tt4834206","series","1","N/A","N/A","N/A","N/A","N/A","N/A","N/A","N/A","N/A","N/A","N/A","N/A","N/A","N/A","N/A","True"
"100","BrainDead","2016","TV-14","13 Jun 2016","44 min","Comedy, Drama, Horror","N/A","Michelle King, Robert King","Mary Elizabeth Winstead, Danny Pino, Aaron Tveit, Tony Shalhoub","A government employee discovers that the cause of the tensions between the two political parties is a race of extraterrestrial insects eating the brains of the politicians.","English","USA","N/A","https://images-na.ssl-images-amazon.com/images/M/MV5BMTg4MzgzOTAyNl5BMl5BanBnXkFtZTgwNzYxNjg0ODE@._V1_SX300.jpg","Internet Movie Database","8.1/10","N/A","8.1","7,458","tt4877736","series","1","N/A","N/A","N/A","N/A","N/A","N/A","N/A","N/A","N/A","N/A","N/A","N/A","N/A","N/A","N/A","True"
"101","Preacher","2016–","TV-MA","22 May 2016","60 min","Adventure, Drama, Fantasy","N/A","Sam Catlin, Evan Goldberg, Seth Rogen","Dominic Cooper, Joseph Gilgun, Ruth Negga, Ian Colletti","After a supernatural event at his church, a preacher enlists the help of a vampire to find God.","English","N/A","5 nominations.","https://images-na.ssl-images-amazon.com/images/M/MV5BZWE3ZTEwZmYtNjRkNy00M2E2LTlhOWQtNTNjYjZiNTdkMjgzXkEyXkFqcGdeQXVyNjEwNTM2Mzc@._V1_SX300.jpg","Internet Movie Database","8.1/10","N/A","8.1","38,121","tt5016504","series","2","N/A","N/A","N/A","N/A","N/A","N/A","N/A","N/A","N/A","N/A","N/A","N/A","N/A","N/A","N/A","True"
"102","The Secret","2016–","N/A","N/A","45 min","Biography, Drama, Thriller","N/A","N/A","James Nesbitt, Genevieve O'Reilly, Patrick O'Kane, Nina Woods","The Secret is the story of a real-life double murder. James Nesbitt plays Colin Howell, a respectable dentist and pillar of the community, who became a killer in partnership with a Sunday ...","English","UK","3 nominations.","https://images-na.ssl-images-amazon.com/images/M/MV5BZmIxNDY1YjItYjAwYi00YjYxLTg4YTktOGI2NDM2YjUxOTJkXkEyXkFqcGdeQXVyMjExMjk0ODk@._V1_SX300.jpg","Internet Movie Database","7.2/10","N/A","7.2","1,174","tt5116280","series","1","N/A","N/A","N/A","N/A","N/A","N/A","N/A","N/A","N/A","N/A","N/A","N/A","N/A","N/A","N/A","True"
"103","Lethal Weapon","2016–","N/A","21 Sep 2016","60 min","Action, Crime, Drama","N/A","Matthew Miller","Damon Wayans, Clayne Crawford, Keesha Sharp, Kevin Rahm","TV show based on the popular 'Lethal Weapon' films in which a slightly unhinged cop is partnered with a veteran detective trying to maintain a low stress level in his life.","English","USA","2 nominations.","https://images-na.ssl-images-amazon.com/images/M/MV5BMjA3MjU2MTc5MV5BMl5BanBnXkFtZTgwMDk3Mjc3OTE@._V1_SX300.jpg","Internet Movie Database","8.0/10","N/A","8.0","18,080","tt5164196","series","1","N/A","N/A","N/A","N/A","N/A","N/A","N/A","N/A","N/A","N/A","N/A","N/A","N/A","N/A","N/A","True"
"104","Van Helsing","2016–","N/A","23 Sep 2016","60 min","Action, Drama, Fantasy","N/A","N/A","Kelly Overton, Christopher Heyerdahl, Jonathan Scarfe, Vincent Gale","Vanessa Helsing, distant relative of famous vampire hunter Abraham Van Helsing, is resurrected only to find that vampires have taken over the world.","English","USA","N/A","https://images-na.ssl-images-amazon.com/images/M/MV5BMjI2MTgxNjMwNF5BMl5BanBnXkFtZTgwMjU3OTA0OTE@._V1_SX300.jpg","Internet Movie Database","5.8/10","N/A","5.8","6,245","tt5197820","series","1","N/A","N/A","N/A","N/A","N/A","N/A","N/A","N/A","N/A","N/A","N/A","N/A","N/A","N/A","N/A","True"
"105","Conviction","2016–2017","N/A","03 Oct 2016","42 min","Drama","N/A","Liz Friedlander, Liz Friedman","Hayley Atwell, Eddie Cahill, Shawn Ashmore, Merrin Dungey","A brilliant attorney and former First Daughter is blackmailed to heading a unit that investigates cases of wrongful conviction.","English","USA","N/A","https://images-na.ssl-images-amazon.com/images/M/MV5BNDU5OTc0ODg0NF5BMl5BanBnXkFtZTgwNDMzNzMwMDI@._V1_SX300.jpg","Internet Movie Database","7.3/10","N/A","7.3","5,475","tt5396572","series","1","N/A","N/A","N/A","N/A","N/A","N/A","N/A","N/A","N/A","N/A","N/A","N/A","N/A","N/A","N/A","True"
"106","Notorious","2016","N/A","22 Sep 2016","60 min","Drama, Thriller","N/A","Josh Berman, Allie Hagan","Piper Perabo, Daniel Sunjata, Kate Jennings Grant, Aimee Teegarden","A charismatic defense attorney and a powerhouse television producer work together to control the media following a high-profile incident.","English","USA","N/A","https://images-na.ssl-images-amazon.com/images/M/MV5BYzM5OWU5YmMtYzQ0ZC00YWQ2LWFmMzUtNTA2YWI2Yzk0ZmMxXkEyXkFqcGdeQXVyMzAzNTY3MDM@._V1_SX300.jpg","Internet Movie Database","6.7/10","N/A","6.7","3,426","tt5519574","series","1","N/A","N/A","N/A","N/A","N/A","N/A","N/A","N/A","N/A","N/A","N/A","N/A","N/A","N/A","N/A","True"
"107","Animal Kingdom","2016–","TV-MA","14 Jun 2016","60 min","Crime, Drama","N/A","Jonathan Lisco","Finn Cole, Aamya Deva Keroles, Ellen Barkin, Scott Speedman","The series centers on 17-year-old Joshua ""J"" Cody, who moves in with his freewheeling relatives in their Southern California beach town after his mother dies of a heroin overdose. Headed by...","English","USA","2 nominations.","https://images-na.ssl-images-amazon.com/images/M/MV5BMTUxNTg0MTUyNF5BMl5BanBnXkFtZTgwNzk4NzM0MjI@._V1_SX300.jpg","Internet Movie Database","8.1/10","N/A","8.1","7,599","tt5574490","series","2","N/A","N/A","N/A","N/A","N/A","N/A","N/A","N/A","N/A","N/A","N/A","N/A","N/A","N/A","N/A","True"
